Row Labels,AAPL,ABT,ADBE,AMD,AMGN,AMZN,AVGO,BAC,CAT,CMCSA,COP,COST,CRM,CSCO,CVX,DHR,DIS,HD,INTC,INTU,JNJ,JPM,KO,LLY,MA,MCD,MRK,MSFT,NFLX,NVDA,ORCL,PEP,PFE,PG,PM,TMO,TXN,UNH,V,VZ,WFC,WMT,XOM,Grand Total
1/29/10,174161768.1,81884309.72,16929076,5000893.06,58187600,55750513.86,4102635.9,131449221.4,32531310.72,32626912.23,71217312,25230894.19,7937395,128842980,144692048.2,23027142.25,57197157.3,47628540.12,107146200,9245219.13,173437026,153501480,125707069.3,40445574.4,27432522.6,67373644.41,116619893.7,247151591,3332429.25,8640961.74,115558733.2,93326942.06,150577541.8,178777699.2,86682214.35,18843737.25,27942502.5,38346561,38471495.79,83435120,145357756.9,203577490,304876188.1,3664205304
2/26/10,185548392.9,84277462.04,18211381.65,5316564.12,55438286.22,52714758.4,4314037.2,167133203.3,35640447.15,33884171.64,71368224,26849907.63,8486955,139304723.9,145203921.9,23927963.54,60590448.6,53052854.4,113407720,10158418.84,173823300,166747271.7,121526137.3,39598999.3,24779871.54,68700109.85,112649074.9,251449116.9,3535854.65,9095749.2,123619750,98071715.47,141635046.2,183802645,92129567.74,19969412.97,30277253.82,39194067.38,40020283.68,82037582.11,141641103.5,206016000,306882745,3772032501
3/31/10,213764460,81793233.24,18538124.4,6232693.77,57803025,60553420,4887459.5,179074109.6,39263840.55,38908447.83,76081500.46,26302672.97,9470040,149038305.1,152293408,25849446.62,67708468.65,54779613.7,124021560,10871237.52,179708217.2,177792242.3,126781820,41766911.9,28052268,71788117.92,116357090,256617075,3853799.88,9900895.8,129040829.6,109341970.4,138365839.9,183773599.1,98111030.08,21062673.84,30390565.44,37816603.11,42718649.43,88096800,161454636.7,209000844.8,316230865.5,3975258413
4/30/10,237575712.4,79433215.88,17687812.8,6098223.57,55361460,61101631.2,4893398.86,178870577.8,42773116.65,40850770.77,90377151.81,26025153.56,10888320,154093460,163591948.5,27361249.16,71451732.6,59656438.66,127081760,11367894.23,177227582.3,169272532,123311876,40325340.77,27488288.88,75909380.04,109242491,267603823.9,5168711.8,8989262,130101186.2,105181533.2,134896608.9,180549500.9,91544850.36,22684977.2,32303171.52,34684127.03,44573620,81692554.8,171779017.4,201212168.8,318383460,4020667093
5/28/10,233744873.4,73411951.4,16887649.84,5770738.05,49602029.64,55914009.12,4927544.3,157918570,38168520.6,37379385.09,77184171.48,25579439,11126113.93,132270257.2,148378384.5,25770478.86,65455075.2,57336560.12,119180880,11226541.58,160795481,157476708.5,118582421.4,37811493.39,22362169.1,71938545.39,105053909.9,226107046.2,5808921.3,7518708,113436820,101423897.9,122847220.8,175933335.4,81704769.12,21365736.36,29846758.92,33043287.6,35867265.24,77791664.64,149479260.9,189658599,283061325.7,3676148519
6/30/10,229768127.5,72207970.7,13881670.32,4929031.8,50390800,48948480,5025379.32,144173434,37735072.95,35947371.33,73061530.62,24077607.56,11045034,121704627.8,136306446.1,48203586.56,61694640,47167536.78,108278150,10921848.09,162891614.2,145659987.3,115629396.1,38630223.5,22113909.9,70862748.39,109045272.4,199118576.7,5688696.7,5842162,107857960,98295223.05,115023070.8,172736641.9,84889995.84,20130414.3,28453421.28,32281712,35020825.5,79205030.64,133379891.2,178322827.4,290959695.7,3539728551
7/30/10,235014081.8,75758170.2,15084433.28,5050851.54,52265587.22,52794089.25,5202467.84,140821200,43975422,40293340.23,82184919.96,24903175.72,12734865,128852132.8,153078606.8,25067249.43,65983886.4,47906892.54,114700800,12475974.75,160216286.3,160145224,127141580.6,41051784,23278733.2,75015324.81,107454963.9,223348564.3,5369312.9,5275060,118814640,103267525.9,120992010,176134928.6,94519751.04,18410813.16,29509364.55,34611906,36381600,164290245,144477515,189896932.3,303890560,3799501140
8/31/10,222087165.3,76159497.1,14548704.8,3784337.7,48920512.96,55901994.75,4823224.9,124973800,41081555.52,35378256.36,77772722.09,24493315,14141556,111621581,148944803.5,23709793.59,62236231.78,46747448.28,98358720,13570694.8,157058453.9,144173472.1,129058510.2,38733972.6,23571912.24,77760534.28,108067529.9,203055949.7,6571976.16,5352550,109771125,102106144.1,127889003,169311178.5,94136203.2,17160993.72,27513388.9,35661780.96,34260089.66,83473691.26,123247158.8,186001800.9,300976534.4,3555985366
9/30/10,259906487.5,80635835.6,13667480.55,4796192.7,52464720,70519940,5381780.84,131418075,49605536.96,37418187.2,85189537.09,27957059.9,14522820,122317391.1,162958643.7,26503020.03,63307291.7,52756735.68,107059200,13911252.16,170665412.2,150914256,135149716.2,42124204.2,26618816,79303824.38,113138958.3,209683380,8473995.12,6705468,134978010.9,105701655,138017233.3,170162416.2,102677377.4,19507796.28,32437592.3,39473049.48,36882491.42,92131930,131437468.9,194627995.4,314622569.2,3839635631
10/29/10,276091060.9,79215755.8,14320383.55,4947970.95,54033969.85,74161337.51,5920435.84,114875888.5,49555099.2,42686328.55,88093220.16,27137605.18,15077493,127490220,166075064.4,28355445.44,69092927.88,51457800.9,111838900,15046623.96,175568324.3,147727854,142387124.9,40590633.6,28527290.04,82773566.26,111602161.8,228133020.8,9070247.49,6983910.5,147696609.3,103490117.3,139986611.4,177944699,107241223.7,20950102.02,35341916.15,40529861.4,38532880,91813911.84,136383055.5,196991751,335309070,3963086513
11/30/10,285420073.1,71895902.16,14142332.6,4970052.27,49782302.35,78726009.8,6263475.68,110432359.7,53695873.8,41464235.65,88403268.25,29499054.32,18293508,106199319.9,162946295.2,28283510.5,69134751.84,50308743.21,118016535,13943327.79,169031933.7,146203369.4,146682887.8,38814793.38,29043285.9,82724498.1,106197968.1,216091122.2,10759716.3,7906829,136604295,102428273.8,130562201.3,170946716.5,103220874.7,20215731.08,37338192.6,40169735.76,36678710.25,90485323.83,142818650.8,196700827.2,350760264.9,3917502397
12/31/10,297089049.6,74060044.56,15448389.66,5576821.34,51166800,81180000,6864147.463,134535861,59446282.98,45468892.3,100054222.5,31521470.25,17344800,112130075.3,183634055,30847010.18,71028335.84,57457064.26,115896330,15313122.3,169855809.9,165827458,152720176.2,40406130.72,27460198.3,81097477.32,111034951.2,234527730,9273797.4,8947400,158140746,103537662.5,140254242,180072085.7,106196480.8,22004382.08,38160102.5,39718761.18,34964713.62,101142295.7,162658948.4,192098336.4,368711767.8,4157401828
1/31/11,312608051,69809050.56,16681260.4,5338204.29,51334560,76508318.56,6988789.17,138469178.2,61572538.03,47083172.5,104990818.5,31359956,16968996,117022950,191039790,30231941.6,73787154.22,60259448.17,118266060,14200126.33,164143601.6,175678594.1,145939836.9,40094782.11,28979570.3,77832870.69,102192822.8,232956041,11322905.28,14078259.52,161829012.6,101921124.7,145941307.2,176813493.9,103855912.6,22763565.06,39815663.87,45152454.9,34701410.15,100697740,170164669.5,199721003.6,406833498.8,4250237787
2/28/11,325404602.4,74438694.2,17460898.5,6310968.3,47862812.49,78260536.64,8327787.93,144631305,65754051.39,53312638.4,111326689.8,32695495.56,17380278,102599587.2,208272937.5,33354558.6,83065278.06,61406622.87,117827360,15909708.98,168051548.2,185990081.9,146652742.6,40008902.4,29746687.36,78956868.32,100415948.2,223335313.6,10930982.97,13336678.96,166506900,100616020.3,153828032.8,176589431.2,112823947,21803682.74,41736736.11,46569533.1,36135862.65,103376000,169948228.5,185152448.1,424108886.9,4344501829
3/31/11,322255824.1,75908897.1,16745368.92,5903934.4,49868850,81418760,7626932.9,134914996.2,71132941.05,51160264.8,114171689.3,32030575.2,17755587.18,94805114.25,215780800.5,34425996.6,81830883.21,60113914.2,108672488.4,16496550.21,162361945.5,183639811,152258791.5,40715078.05,31126688.32,79384620.91,101772503.8,214063090,12487967.82,10986007.5,169185701.2,103085306.6,162301515.7,172528294.4,117945773.2,21698218.85,40400709.12,49435014,36417826.26,107912000,167416020.9,181716908,417166849.7,4331678662
4/29/11,323784468.2,80536167.28,16924599.45,6247186.4,52855207.35,88514539.83,8237417.02,124418540.8,74404019.13,54243953.9,114847036.4,35337605.4,18422850.6,96377520,220000775,36682453.44,81849873.9,59368263.35,122741300,16890240,180091595.9,181908558,154829334.9,42845218.66,34115453.84,81264323.06,110836762,218577320.6,12213080.97,12005760,181976155.4,108891254.1,167575715.6,181154980.6,124324334.4,22986968.2,41534641.06,53027946.81,38643854.76,106882566.8,153689068.7,191673200.3,433389480,4469761063
5/31/11,321657531.7,81211286.75,17469415.17,5967881.92,56285914.74,88912337.67,8329944.59,119062315.3,68208519.4,52236451.6,103496982.5,36110816.24,20387614,92403108,210894383.3,36210973.68,78687111.02,57977943.32,119348020,16406880,184451512.5,171822139.4,152945059.7,44546987.68,34636888.25,84604028.58,113431998.8,210903502.7,14214562.8,12029771.52,173426960,112416112.5,169479238.5,187016698,127600845.8,25084301.55,40989265.7,53034290.1,42413753.34,104477850.5,150051738.6,192509896.7,411180398.4,4407415611
6/30/11,311133865.7,81786371.46,15532117.15,4805932.56,53915400,92838460,9376196,111057274.5,68634016.78,52443410.6,106281591.3,35567928.12,19948422,85857887.85,206733184.4,36190368.34,73791612.16,57671113.9,117492320,15691850.66,182340832.4,162682663.9,154043901.7,43447204.98,36361191.1,87488492.64,108925584.7,217776000,13800681.84,9565589.28,166706098.7,111325461.2,162763278,177442559.6,118744368.9,24678047.01,38121178.27,55883732.04,44088118.14,105326573.9,148412117.9,184531838.4,400884878.7,4315118683
7/29/11,362010493.7,79765803.56,13685054.57,5046572.96,50547777.7,101009616.2,8256333.15,98393274.9,63689221.47,49711551.8,101758368.9,34258867.25,19376669,86798243.57,209105268.8,33667606.05,72997747.48,55617117.85,117254830,14037879.9,177598655,158167590,155692164.5,44339488.7,36591661.25,89729658.96,105345146.1,229564488.4,13974050.64,8349544.41,154903448.7,101350024.2,152088851.4,171636668.1,126569368.5,23030033.31,34544777.75,53771027.94,44589949.04,99905990,147472908,183038637.6,387938980,4280111598
8/31/11,356772429.5,81735858.27,12465203.08,4721797.56,51199261.86,97700430.05,8128670.55,82798113.36,58792006,44516880.9,93461811.75,34107251.64,17239625,85167719.27,197974839.7,31405274.55,63215496.24,53149138.1,105702630,14839154.62,180315293.2,146448318,161759963.2,43424914.39,39792040.48,93280698.32,101958976.7,222861875.6,12346485.36,8035606.37,141781570,101967240.2,148084370.5,174993022.1,121760649.3,20976283.89,30280963.41,51139075.68,45809734.88,102383115,137803850.1,184705466.4,359893752.3,4129470263
9/30/11,354351905.6,79603347.78,11864956.32,3511966.56,48174858.24,98384650,8057487.6,62022576.96,47705513.44,43295822.8,86939943,35592267.45,15484940,83434252.5,185456196,28752176.7,55977080.64,51418278.04,109192530,14421760,174533146.3,117439386,155124245.8,42799762.33,38277406.08,90608460.64,100742061.9,209324900,5947128.08,7552624.77,144981861.5,97963249.5,137941605.4,173619019.1,109570532.4,19338048.72,30451622.5,49632453.08,44683778.72,104180800,127349764.9,178880460.3,353135412.5,3940261410
10/31/11,376206175,83852802.99,14437251.36,4030465.56,50199674.88,97094526.54,8306136.74,69218170.56,61027394.36,48531885.5,95631191.25,36077636.25,18044535,99524630,210413364.2,33184877.45,64737419.52,56001653.6,124957680,16026130.35,176451394.1,135530978,155170570.2,43022435.92,41907701.12,95798173.2,106287496.5,224016406.7,4309528.32,9037664.4,165311607.5,98416659.5,150268966,176056966.8,122726724.9,19196755.71,35503014.33,51644870.41,48495200,104693745.2,136602702,195493250.6,379682560.4,4246192234
11/30/11,355220119.8,84977771.8,13460368.32,3965491.87,50760663.04,87444646.66,7359183.04,55139143.68,63291165.6,46917605.3,94694345.48,37122901.2,16105120,100206105,204764384.9,33205467.86,64404991.05,60460296.96,126841720,15825536.76,176740547.3,117678753,152694927.4,43821291.7,45456137.1,97737783.36,108963175.8,215183615.6,3574123.11,9544506.39,157753200,100058240,154277427.7,177652732.4,132427507.7,17873730,34393765,51990088.02,50572958.04,106817063.4,136373382.4,203006919.3,385565651.5,4205739304
12/30/11,377546670,87594869.08,13895835.8,3763384.2,51085476,78760500,7053586.02,56355448.32,58583772,49069978.9,96752340.93,36238284.28,13798560,97195621.12,211893897.6,32285762.88,67369237.5,64807518.72,121250000,15632324.91,179089077.4,126342219.5,158918103,48116588.72,45246180.84,102659461.9,114906621.7,217824415.2,3838596.71,8463650.58,128912719.1,103732253.5,166345965.9,183540557.2,136318347.4,17011251.6,33170815.89,54026197.68,52957235.76,113583370.9,145338376.6,204659892.7,406272310.1,4295194768
1/31/12,425608257.6,84354653.4,15283202.85,4676353.33,54045108,88483421.92,8273248.34,75121237.94,70559174.4,55009702.2,90565077.19,35781608.83,15884800,105650810,205361830.1,36040080.97,69621936.3,68430203.52,132100000,16644607.52,179990257.6,141731271.8,153376297,46009461.88,43152686.34,101349742.9,116643936.7,247779467.6,6661363.8,9042061.07,141778861.8,102669134.7,164501093.8,173637313,129874144.1,20011012,36999007,55209486.54,52493018.88,106618887.1,154039694.5,210139407.9,401383237.9,4455626998
2/29/12,505754782.8,89011129.77,16318505.06,5133864.75,53825290.32,81146566.48,9168979.51,85537140.33,73954743.93,60856293.95,97960499.15,37339282.5,19469760,107072447.4,215726639,36415454.85,75261238.39,73332389.76,134292480,17057478.72,178649741.3,149102817.8,158107431.4,45534370.68,50961120,101122239.7,116189785.4,266323071.5,6136545.87,9274693.65,145660645,98856207.48,159251235,186252460.4,143810833,20714653.48,38088468.05,58256743,61129510.11,108061819.6,164999710.9,202331098.8,407693616.5,4674638605
3/30/12,560568458.1,96369760.53,17022083.06,5609131.86,53091367,91129500,9504899.91,103084068.5,68975215.16,62108395.9,96769471.15,39404748.4,21167870,113912588.7,211950632.1,38743096,78469564.58,76635411.84,140743690,17741665.28,181081966.8,175522212.8,167601121.7,46723787.86,51026641.44,99920343.6,116889907.2,270942000,6386560.64,9483751.06,145074091,105329563.4,170685125,185123156.8,152575166.5,20626848.52,38461704.33,61590178.16,61985754,108402082.5,180178561.3,208357725.6,408777657.3,4879663870
4/30/12,546057506.8,97580475.42,16645027.3,5147532.48,55302815.88,104476979.4,8438152.48,87390148.44,67057425,62801708.55,90580217.91,38267739.14,21335010,108494365,210208141.4,37561121.88,77268682.71,78974053.1,142855245,17023991.93,178720983,164291093,172325522.9,48029576.85,54862160.08,99023525.15,119397392.3,268953725,4449052.24,8044452,146268116.4,103221690,172607169.9,174380345.8,153535428.9,20439354.6,36550634.82,58549177.2,64601762.94,114720912.5,177149622.5,200333764.3,406010569.1,4823418111
5/31/12,540213369.3,97219829.89,15404712.3,4264201.92,54066260.16,95921490.66,8102946.2,79208678.85,57172050,59831846.9,131918586.2,37350284.55,19129560,87477834.07,193933580.9,36002425.38,81700454.15,75522863.08,130001040,16513007.87,171456004,126190977.9,168587143.5,47518994.25,49287711.46,90791328.3,114302012.7,245221278.5,3521935.04,7691733.72,129835350,106115025.3,163765534.3,170681202.7,144137129.1,18541455.44,32591173.44,57858474.96,60824563.2,118300614.1,170311104,223832428.5,367686854,4631860227
6/29/12,547363344,101436517.8,15918368.31,4018729.77,56082372,103214200,8788391.8,88153332.38,55403775,66164792.3,70663445.16,41072775,19079880,91977612.43,208117107,36078628.32,86687202.5,81109779.38,133596450,17429255.15,185544892.3,136012176.2,176392730.5,49793407.65,52149117.06,89968169.85,126985338.8,256374790,3803245.99,8551871.28,145010428.2,110509766.9,172227128,167831492.5,148827427.4,19066698.73,32642277.02,60690708,65275527.33,126255506.5,177697451.4,235900478.5,400139439.1,4803233479
7/31/12,572530088.6,104331557.2,15185641.44,2847476.94,63665519.4,105466764.5,9032566.5,79102218.46,54947025,67365154.5,66120047.56,41582942.1,17161680,84499463.4,216165616.9,36721697.55,87831116.1,79869943.16,128577100,17132667.78,204203983.8,136684800,181877729.6,51093512.75,52932366.22,90811653.2,134345926.1,247058709.6,3157107.9,8387705.04,147451681.2,113187880.8,180014789.4,176846441.2,155956680.7,20447758.01,30992527.92,53003218.32,68075002.89,128598307.8,178371417,251836956.6,406124930.3,4889133993
8/31/12,623599967.4,102854150.4,15470269.64,2632104.6,64682934.48,112234177.6,8954713.05,86107830.5,55743443.77,69393352.7,68974237.71,42314094.5,20180020,101081489.8,220073622.4,37250167.35,88762784.25,85547333.5,124224490,17291018.34,185907274.6,141085723.6,168371957.6,52114686.75,50614363.6,90244490.19,131114457.6,258376295.5,3316490.48,8691248.28,152901150,112720998.3,178221888.2,185266682.5,150534974.6,20964407.2,33040492.32,56075935.8,67642512.75,122330778.4,179752789.6,245645076.6,402971474.7,4960467289
9/28/12,626550352.8,107593539,16057108.93,2384460.35,64743149,115206960,8537218.225,95160468.5,56207264.76,73977494.55,69447911.82,43304176,21223910,101013733.9,228707038.4,38348828.25,93804697,91004273.54,112867210,17391444.48,189987695.3,153773561.9,170757977.3,55015749.25,54034932.32,92523544.25,137342775,250638720,3023924.24,8263809.84,151607501.8,110137581.8,185616677.4,191250142.8,151613836.7,21505424.16,30883726.67,57222239.46,70822897.56,129823324.9,182393882.6,248074567.2,422127621.6,5075625698
10/31/12,560012761.4,102791377,16844246.38,1450487.75,66368533.95,105491025.7,8108105.31,100444128.4,55403743.89,77661364.75,70223825.75,42563494.32,20291220,91057095,216307687.1,35832750.24,88134788,92526789.96,107630880,17608098.69,195253643.6,158332066.7,166758323.2,56432829.39,54977886.68,87531810.8,138972188.2,240205825.5,4401431.712,7482590.725,149776260.5,107104171,185766067.1,189318154.4,149287540.3,22320605.12,31483356.27,57203608,73185770.52,127402560,178206624,252175528.9,420835158.6,4954400557
11/30/12,550568213.8,102743420,17101908.52,1566285.6,68141124,114168316,8616242.7,106271849.1,55741334.16,76978400.05,69119181.3,45186910.08,22389140,100397879.7,206854459.9,37384371.36,88003578.52,97291297.53,97355440,17741927.13,193240099.3,156161594.2,170077343,56908615.12,58287795.68,87386158.08,134675189.6,224004136.1,4538663.66,7479466.47,152766900,108604619.3,184211601.5,190931350.7,150149303.6,22891663.25,33030064.41,55559004.27,80172399.78,125918480,173773651.7,242091196.9,401860492,4928761074
12/31/12,499695984.4,103533754,18618893.76,1708675.2,65193060,113894980,7777930.894,125133485.6,58598044.84,77319882.4,70393771.05,43010342.28,23870200,104323537.7,211649553.3,38721259.2,88233954.38,92476821.15,101945280,17613223.38,194265466.2,167144224.7,162587122.5,57233541.96,58597913.28,88560811.17,124460547.7,223667027.8,5146800.33,7660673.26,473240328.1,105851219.2,184648202.1,185626942.6,139725052.9,22974512.7,34231649.31,55405780.32,80510049.62,123492580,179932851.1,228245588.7,394611136.7,5209882603
1/31/13,427731528.4,107106063.7,18869263.53,1851064.8,64633398,120683290.5,8790191.34,122009948.5,64340566.26,78809987.2,70405910,44582988.24,25193118.93,109494110,225369392.2,41201875,96958353.12,100057378.7,104021760,18488745.82,204851687,178855964.1,167027432.9,62304721.57,61832678.4,95668968.33,131483114,229927925.3,9252283.32,7561428.56,168114886.5,112688313.9,200851018.7,205310889.2,147275952.5,25985910.1,36546353.96,56396628.53,83872159.49,124680990,183425229,233999398.1,410204089.7,5103185045
2/28/13,414500201.2,53073175.83,19715851.88,1778051.73,68518766.5,120234129.1,8427906.92,121511688.3,60506783.76,82348986.1,70756544.35,44196473.44,24781761.34,111198317.8,227587070.7,42519153.6,98558751.24,102419761.5,103272480,19107606.05,212751729.1,187239685.6,172564121,62006959.92,61083082.84,96167752.8,129145784.6,232859611,10531163.44,7808130.96,161578560,116896667.9,196764626.9,208097173.2,151184640.8,26392725,38097577.24,54782241.25,83981477.76,132995535.8,184902540.6,236775945.6,401224297.5,5069086532
3/28/13,416142010,55476311.64,21841745.04,1821179.4,76841496,121252950,8841667.4,131790949.5,56969524.56,86881388.2,73381679.3,46303326.81,26189117.01,111411596.7,230831376.4,42898788.9,102548764.8,103659376.3,108039580,19460901.74,228042345.1,181651583.8,180229675.9,64154470.41,63832777.06,99968334.48,133588665.6,238823145,10626936.32,7903023.4,152295573.1,123531372.5,207377685.8,210501026.1,152766518.2,27354736.25,39352783.92,58635959.25,89910578.56,140484216.3,195079711.5,246373509.7,403733349.5,5212243824
4/30/13,415615004.2,57989394.84,22627274.88,2014010.16,78155103.17,115545225.8,7871300.56,133223497.8,55687459,85474067,73909857.45,47315707.53,24222505.32,111189800,236516873,42213564.58,113453598.2,108717242.9,119055450,17708607,238391378.3,185738098,188527449.2,62388948.18,64643599.23,102425072.7,141816014,276421641.7,12131466.22,7957903.32,154010601.8,127532927.5,208886671.1,210409143.2,156977133.3,28958311.04,40162466.34,61423755.25,89180028.64,154236510,200868624,255685665.3,395649540,5360648957
5/31/13,422143308,57163579.55,21585961.32,2857944,75395187.81,122551415.6,9315989.76,147259949.8,56430660,83125082.35,74998025.74,47873993.97,24971948.55,128878662.6,237951366,42823146.74,113603358.3,114906213.4,120695880,17352297,236452107.7,206332512.8,178105662.5,60053735.64,66638274.5,96816156.93,141015880.4,291453634.3,12703032.5,8362444.52,156941880,124904020.3,193148462.3,210381735.5,148683941.4,31693342.4,39829720.14,63883038.41,92268503.7,138701280,214768492.9,246210952,402263636.7,5405002067
6/28/13,360224506.3,54373211.2,22883011.16,2915102.88,74281114,126904330,9229570.56,138635648.2,54253673,86405382.5,73970990.5,48284149.88,22523718.3,130054416.6,229402563.4,43848353.1,113729424.2,113167866.1,120689630,18124302,241171037.8,199529096,178640113.1,55489832.48,67134921,99252351,140260977.4,287690760,12437844.98,8113940.64,142678660,126481364.6,198681176.2,211012113.3,141667616.3,30477548.01,38375879.05,66790058.36,94656276.25,144022740,218581891.5,244079744.2,401730071.6,5316472499
7/31/13,411122147.4,57101224.95,23746900.08,2693612.22,81580921.24,137622598.5,9056732.16,156849230.8,54529907,93297117.2,79301792.46,51275435.28,25809656.25,137906992.2,244038268.6,46839616.46,116430835.7,115446707.9,116254970,19144231.76,262630934.5,210641343.5,177680812.3,59835744.18,70827096.34,98045279.68,145454710,265225799,14405486.25,8352062.13,149806606.5,128836557.6,207334908.3,220084071.9,145854514.3,32811170.97,43143958.14,74307509.95,91087398.89,141611760,230392834.5,255384283.3,416847750,5586413029
8/30/13,442634274.4,51798986.25,22957624.5,2354449.05,82070602.64,128375266.3,9530993.94,151692953.2,53454142.1,87109043.1,81085364.1,48869178.93,29281480,125619851.1,232673650.3,45573680.88,108669266.9,106702679.1,109504360,17960756.89,243509774.3,190204924.9,169257819.7,57909193.2,70301643.52,94326596.56,138388321,278220530.4,16728545.02,8534320.5,147537511,122960722.2,186758663,213290081.5,135051645.1,32024636.28,42064808.6,72938058,89754613.38,135601560,218125844.6,239131960.4,383646245.1,5387881596
9/30/13,428699797.8,51581408.75,25964130.78,2743257.15,84402642.5,143189120,10662041.52,148255152.6,54011091,93369552.85,85011216.57,50310747.63,30938360,125626478.1,234740916,48216843.08,115207644.6,108650801.6,113986133,18746699.03,244298835.1,194571394.6,167927873.5,56703690.54,78038443.32,96175941.66,139321835,277754880,18323166.18,9002984.88,151170915,122606013,190168117.5,206991876.5,140150071.3,33221549.4,44099943.27,72805887,98337957.9,133571341.1,219400192.2,240773525.8,378716417.3,5477622730
10/31/13,470294852.1,56803268.75,27103873.14,2417114.58,87584193.64,166628908,11243652.42,149005892,53985186.4,98512484,89683103.31,51556796,31802560,120718560,231765599,50261148,122532056.8,111572985.3,121640370,20330212.77,260981833.1,193749168,174738073.1,56129703,83179297.4,96040295.6,131950293.8,295559807,19109519.84,8635493.304,152674876.5,128960424,203143905.5,219497153.3,144244997.8,35251254.48,46064683.86,69399942,99908360,144547043,225134253,248982065.5,394474259.8,5699130225
11/29/13,500317309.7,59048843.34,28177699.58,2634220.68,86030694.08,180173257.1,11142243,168738239.9,53835717.6,103210453.3,89187207.2,55154330.46,31410270,113615632.5,235473302.1,52150560,123958531.2,113601672.1,118508640,21148349.69,267077321.1,215100794.6,177475945.4,56580363,88102558.81,96886071.1,145599722.1,318308019.8,21676576.4,8869161.6,160832728.1,129527856,205644382.8,228929414.8,137049279.6,36443861.95,47066209,74983335.84,103070801.4,141913200,231879708,262801786.7,408368688.7,5893373248
12/31/13,500680615.9,59265309.38,29715612.42,2800668.69,86084768,183044610,13162059.01,166071706.4,57787488.36,107546244.4,86553244.35,52335712.44,33279570,119924641.7,240223539.4,53823840,134256192,115953411.2,128918485,21743796.96,258415506.4,219837372.7,182421779.1,57459150,96747103.46,96547760.9,146242546.5,310503000,21945509.19,9107946.72,172070868.3,127196784,198515204.7,221291185.7,139596723.6,40238215.45,47545879.73,75808877.4,112642678,140540400,239148994.6,254622898.7,442093616.8,6014875520
1/31/14,446529693.4,56683178.76,29393990.76,2482246.41,89759670,164733762.9,13641453.9,177412784,59760191.96,112689175.5,79570180.05,49407163.92,36499590,113734810,214683802,51931659,127057116.8,108222245,121890180,20752750.5,249612619.9,208108703,167010207.9,60850366.5,175276393.6,93701975.1,154774579.1,314099396.2,24480799.31,8917552.9,165954392.1,123240096,197024558.4,207748081,125193251.2,41607796.38,45970673.6,72768468.24,108642641.6,137433240,238361448,241647453,399513600,5863900931
2/28/14,469400291.4,61383324.6,34212123.63,2693890.36,93635968.14,166527617.4,15414511,174691271.6,61849599.34,106977107.1,81535982.5,51378918.4,37609110,112297925.8,220179962.9,53426888.18,141583887.8,115516860.8,123106720,22140989.1,260598452.2,215167396.5,168305112.6,66746091.93,88700670.2,94187177.15,167586047.8,318000736.4,26651793.41,10439784.86,175893666,121903852.6,204955721.8,213279353.3,128258127.5,48793775.68,48635075.36,76434865.84,113942897.6,197035488.8,244254752.1,241712168.4,416005678.5,6041067293
3/31/14,462533011.3,59423625.7,32720770.2,3053687.18,93356046,154727900,16091550.3,181086467.6,63380372.14,103562283.6,86358353.55,49125575.04,34830609,115465963.6,227014648.3,52386150,140287364.1,109306225.5,128347208,22021997.22,277826266.5,229898145.8,170331823.4,65908897.02,85253989.5,97038034.43,166939110.9,338577400,21100678.2,9926456.31,182413026.3,128267857,205019551,218539484.8,129387921.1,47109070.08,50902193.16,81103852.08,108859493.2,196939800,261217568.4,246805845.3,422098625.5,6105290199
4/30/14,508292314.3,59778531.8,30704963.7,3114608.62,84597208.5,139950589.7,15864205,159424881.3,65927700,107121978.4,91219463.43,50885087.04,31511665,118230760,238947779.8,51331658.16,139008361.1,108777392.5,132862820,21504440.25,286480938,211889450.2,179279514.6,66159554.1,82920784.85,100260866.2,171560011.2,333720644.8,19305653.92,10305632.02,182279259.7,130213706.3,199657894,223376998,135014170,45478932,49056502.95,73847314.24,101182421,193515892.8,261389348,257235249.7,441421100.1,6294179602
5/30/14,545254173,60092579.39,32092321.38,3048168,87806981.78,143825195.9,17788840.39,159207092.4,63815441.82,108032598,98142737.7,50851101.92,32314820,126120627.8,233749183.5,54864294.76,145492214.4,109723911.9,135998960,22509400.23,287040486,210316501.4,179806936.5,67010336.86,85906788.55,100255136.3,169088675.4,338181267.3,25048072.84,10601354,187362389.7,133912873.2,188772433.7,218614508.4,139262529.6,46639841.58,50707909.98,78026331.43,107285027.9,206891804,267461814.6,247747461,431713518.8,6408641034
6/30/14,556573661,61429305.1,35990055,3192955.98,89890178,150048360,18141244.19,161625694.2,67835508.78,111095591.2,105251149.7,50474167.36,35661120,127298846.5,248521507.5,55074154.36,148488304.6,110722272.3,152893200,22861420.11,295980442,218075163.1,186179951.9,69596268.67,82558165.53,99573128.58,169059451.6,343566300,26476094.6,10344689.64,180556651.2,135444085.7,189090983.2,212661396.4,132609259.9,47074684,51018501.24,80103636.75,105227520.5,202626420.6,276837199.2,241996027.4,432357675,6521442128
7/31/14,572440085.2,63261670.68,34443169.01,2993144.1,96766335.73,144612647.6,17464125.46,160366910.8,62891575.5,111199070.7,101285662.5,51517311.84,33309500,128856649.2,246027726,51766533.92,148730762.7,110571834.5,167789390,23357351.5,282514034,218264398.7,172322954,68222826.48,82629497.4,93464711.52,165815614.2,355631882.8,25401667.52,9483512.5,179932966.7,132748110.9,182847413,209224827.2,128110363.3,48470967,49374465,79417734.05,104405004.9,209002597.4,267219910,237192855.9,424885462.5,6478874205
8/29/14,613756367.5,63516245.76,35849268.1,3202172.19,105874023.7,156648685.4,20760478.91,169200235.7,68479272.29,113247964.8,99865512.96,52994657.64,36576710,127630902.2,245816747.4,53679401.24,154283064.6,125843707,172888920,23751217.2,292548370.5,223608155.5,182980749.3,71016096.48,84479328.36,92026385.88,173395229.5,374336340.1,28701865.24,10540246.75,185011540.2,139362914.6,186357963.6,225032957.7,133687171,48006464.55,51434848.08,84220455,105152133.2,206515458.2,268537736.1,243382177.5,424166266.3,6716628332
9/30/14,591015720.8,62538841.41,34507751.41,2618562.87,106833876,149289720,22002213,179295464.2,62175688.41,115646844.8,94086543.36,54850433.56,35611070,128346939.5,226580566.2,53237970.32,152824001.4,123474884.3,169120740,25027581,300614391.3,226579567.4,187103517.8,72457423.8,82373195.52,93096688.49,171000985,382702912.6,27181790.28,9998331.75,169630317.1,140266988,187499318.9,226682840.2,130281725.4,48601503.5,50374947,83802656.25,105572702.2,207220147.7,270782511.1,246425569.1,401094282.6,6662689654
10/31/14,633402720,65546239.41,34971578.68,2170952,123365460.6,141429812.8,21936048.75,180452741,61393512.59,119022924.2,88713331.2,58384317.94,39609810,125017230,227776893.4,56496436.8,156857882.1,131254313.4,164438350,25119726.19,301688075.8,227482274.9,183439132.4,73853811.9,93207050,92036205.17,167135578.1,387001948.4,23662821.42,10620712.98,173042421.2,143928599,189908846.9,235813925.1,138296172.2,47030939.25,52455858,92314091.25,119456425.4,208523631,276864350,245781066.5,412438363.3,6814070045
11/28/14,697505421.2,67022757.41,36654621.12,2163198.6,125746357.7,156792351.8,23754515.4,179200308,60903139.4,122657047.8,81326421.91,62603717.88,37777970,141339572.3,205810460.9,58716943.52,156870224.6,130992003.8,180103750,26802231.75,303003657.5,224889450.2,196360465.8,75846851.6,97146786.8,94215879.24,172192729.2,394090801.9,20880661.14,11397970.89,187931602.6,149810260.6,196265465.6,244352621.2,135064445,51719232.25,57483846,94664186.33,127339824.4,209934537.2,282621755.5,282098788,383394255.7,7018499549
12/31/14,643120129.2,67790710.82,36167086.8,2070157.8,121124116,144121574.4,25683845.88,188139290.5,55412170.47,123627315.4,85006851.78,62441442,37424610,142234450.2,212067764.3,60227731.32,159719019.1,138332300.2,172304920,26322549.75,292702932.7,233935867.6,184928370.9,76815535.7,95889187.2,91189214.8,161901077.7,381726100,20638709.76,10897916.85,197479774,141519063.4,196265465.6,246136019.7,126550086.8,50119132.25,55957912.56,97025272.19,129393864.6,194124088.7,284385547.7,276807557.2,391482206.1,6898774819
1/30/15,682427475.7,67399205.16,34946760.82,1992623.8,115778504,164638059.5,26367115.2,159324217.5,48413758.03,113259329,77522900.74,62987666.96,35619950,134646055,193825172.7,57887766.96,154174926,137607495.3,156873920,24025351.32,280302875.4,203282717.8,180329252.2,80166960,91292827.6,89962977.76,171850624.4,331432914,26728016.4,10465054.17,183954363.6,140351710.7,196895531.3,227625987.9,124670091.6,50087130.25,55942213.15,101977793.8,125151123.4,189683884,269341438.1,273906686.2,370182525.2,6671065478
2/27/15,748247128.1,71480287.86,39553796.8,2418718.53,119687556.9,176923802.9,32745632.94,166314354.3,50251244.3,126546974.4,80291322.4,129377117.8,43778780,150640847.9,200577602.4,61600303.84,176890517,151220648.3,157472000,27016759.38,285027927.4,228471020.6,189058365.2,77966167.68,100157953.9,95054669.1,166147818.2,359735972.3,28731105.18,12020780.78,192429701.9,146724883.6,210342303.6,229894416.3,128333395.8,51581790,61541667.6,108368362.9,133202900.2,205484925.6,282293476,270522336.7,371397852.6,7107571224
3/31/15,724773393.6,69910950.74,36989889.86,2085040,121549940,173398600,32581417.26,161908894.4,48511545.01,119881066.5,76670824.12,66653861.13,42157110,140507941,197381296.4,60034063.5,178267163.1,148533032.3,148282340,26831352.96,279724336,225861201.5,177142391.2,80714513.25,96001837.79,93651435.36,163139333.6,329834015,25260164.49,11505402,188439070.5,141742880.7,213622219.9,221279789.4,116693175.7,53303828.22,59724814.59,112812581.6,128455297.7,202077491,279919824,265107377.5,356548650,6861115000
4/30/15,721149091.7,70046758.76,38050460.14,1758415.6,120062762.8,196414932.2,29989888.56,167298453,52449456,122619628.2,83640899.04,62938280.7,47737587.92,146831190,208845886.7,57932228.88,184776489.4,138898445.8,154417200,27657870.77,275831552,234904813,177186076.1,79757085.67,100684553.7,92603711.85,168462660.7,393476928,33736699.5,11940910,204940282.2,140401971.1,208341532.6,215710312,129302792.7,50027803.76,56398078.23,106011025,129712160.4,205718884.3,284475790,251750509.2,366035741.3,7017786385
5/29/15,750709577.8,72353590.2,39408648.84,1773976.8,118808228.2,199884255.6,38458221.1,173284650,51502906.08,124105669.4,78514064.96,62666593.92,47691699,149067406.6,193689234,61099799.28,187271511.6,144731905.9,163478240,28710926.35,277692726.3,244115302.9,178532393,87658294.5,102972585.4,91950343.95,172027767.6,379077484.5,37832389.38,11905940,189923874.3,142335597.9,213979032.5,212671756.4,128687475.2,51600128.91,58177098.96,114428379.8,134436361.1,201640397.3,288149511.8,239558107.8,356230401.6,7075866334
6/30/15,715599795,73068193.56,40314221.45,1869600,116537032,203154120,34525908.9,178745742,51201084.08,127183169.9,75715275.27,59357249.28,45646364.28,139658511.9,181409712.7,60583084.11,193668300.5,144355202.9,144562495,27779165.13,270260965.7,251463255.1,170991840.2,92757807.45,104334243.2,91126021.05,160839888.5,354392050,39825673.62,10819180,174743903.1,137774600.3,206466675.1,212264807,124194954.7,51651876.32,53266594.02,116132288,131441491.7,190098279.1,289591289.2,228433540.6,347868185.6,6915958672
7/31/15,691740178.6,75465092.33,40801913.55,1503813.54,133899367.5,250762716.5,34401987.12,187177584.6,47385032.79,131983731.9,62066551.98,63857606.4,48052254.8,144503337.3,166384693.4,62580161.28,203611320,152019161.3,137628300,29372963.62,277492112.3,254320792.1,178698164.3,93682799.91,108005301.6,95717307.9,166575089.1,373505712.7,48696631.55,10753050,173182915.4,141537475.6,222045580.2,208086793.2,132501878.6,55601030.64,51298772.28,115762548.2,147017496.6,190233681.9,297752724,231815117,331185564.7,7119074323
8/31/15,643038932.7,67502072.89,39183251.85,1410312.18,115087185,239883781.9,34687225.17,170563782.8,46065266.52,119125839.1,60624509.85,61335177.6,45469364.16,131588542.2,152299913.2,59477125.76,171958973,149546635.4,135679160,23779075.25,260240581.9,237046094.7,171042157.3,91288351.35,102427615.1,89490786.2,151675794.8,348072133.1,49003355.15,12116720,160825095.9,136513519.5,198711952.6,191738027.8,123625042.8,49958440.56,49102306.24,110327239.1,139133893.1,187062442.9,273762035.5,208466136.8,313709342.8,6649170398
9/30/15,629010236.6,59945537.02,41011253.78,1358800,104417768,240076410,34502634.99,162630583.6,39388092.88,119474051,59156693.64,63314720.64,45515253.08,132858941.3,148332104.6,58240012.48,172499087.6,148301055.5,142562200,24610996.25,258496045.1,225471145,174522160.5,92773796.29,99932626.08,92796539.3,139113602.7,353460360,44132084.88,13286350,154038363.4,137381049.3,193716400.7,195183723.2,122896925.4,48727112.64,50492077.6,110622843.6,135933618.4,176898215.4,263597984.7,207873279.3,309998533.2,6540117026
10/30/15,666252054.5,66771756.8,44223519.34,1675200.68,119319603,293398135.8,34015770.67,174721414.4,42497259.66,131530680,65805037.65,69162794.84,50943256.76,146615700,170897840.6,63943943.35,191976968.9,158766494.9,159785340,25755035.92,279544352.3,237600804.8,184179514.8,90385840.89,108912163.7,105718172.5,153957269.1,420483740.3,46320311.44,15263060,165638151.5,148875603.7,208579709.4,207797365.7,136957766.4,52194036.44,57537448.64,112310650.1,151388603.5,190748766.2,276574190,183508120.1,344980210.3,7128355620
11/30/15,659561657.3,67008062.4,45529611.14,1864846.04,121522240.8,311632977.6,36068120.5,181489526.4,42299300.1,127833873.9,66732400.1,70988803.34,52914160,138323152.8,171867618.8,66054621.15,187586107.7,169743908.3,164079630,26453200.8,280125410.6,245457748.4,185353740.7,90906637.08,107734913.3,104825136.8,148085714.4,434143071.6,52709762.04,17065360,166192553.2,145918196.2,202305693.3,203607683.3,135392977.4,55235163.2,58957625.44,107424802.7,153788382.4,184930277.9,281440496.3,188637627.3,339945598.7,7183863709
12/31/15,583612701.6,66993145.2,46764177.46,2273040,122396820,318344190,40132523.5,175242038.4,39568622.64,137291594.2,57645434.98,71023985.5,52057600,137840925.2,169308048.5,63649270.8,173715944.2,167677262.3,162776250,25476386,284220487.7,243065013.9,186832395.6,93366568.02,107118782.2,108479692.2,147554941.3,439679000,48947777.2,17732480,153470566.6,145568551.9,199280676.8,216040701.9,136198611.4,56612051.3,55427599.08,112123625.1,150111286.1,188063310.1,277660714.7,196276040.9,324501095.1,7098327020
1/29/16,539709709.2,56461602,44369716.17,1742400,115158420,276384254,37186221.81,146776947.1,36238244.16,135539867.3,48249809.36,66459100.24,45191840,120187080,162739739.4,59511220,157301657.3,159448714.6,146569500,24528973.71,288979631.4,219027235,186658436.2,87648890.7,97953833.02,113658509.4,141548823.8,435723502.3,39314959.04,15773045.77,152546298.2,144665304.3,188230106.5,220935996.5,139452133,52704881.88,53526415.24,109759917.3,142956068.2,203527810,255776183,212477619.5,324084801.2,6801953897
2/29/16,536105730.3,57789232.8,42678372.1,1698077.16,107007507.5,260181115.5,52308318.56,129276900.1,39423199.4,140454434.4,41820747.49,65901577.68,44986000,131740927.8,157130536.6,61342326.85,155847566.4,157369389.7,139783160,24819181.44,290312160.4,206635919.5,186731248.7,79638696,94697775.44,105659441.5,139345754.4,402425336.6,39987046.21,16887767.68,154520871.6,141390299.7,183167834,217149604.1,141037057.4,51193087.78,53298779.16,113225273.4,138925893.1,206665953.9,238199327,212413581.6,332843473.6,6662575216
3/31/16,597095829.5,61625712.86,46919698,2260050,112642409,280198080,60324216,139603126,44570925.88,147676231.1,49868998.82,69183135.3,49532547,143264484.9,179653082.4,65183523.3,162031216.7,167181251.9,152607922.4,26711952.21,298452820.8,217353093.3,200810712.5,79534468.92,102956049,113314093.4,146838953.7,434660100,43783984.47,19311460,169770977.2,149752691.8,183527293.6,222612827.5,152192647,56106736.58,57797364.24,122541878.6,146775138.9,220646400,244568416.6,215355504.2,347128957.6,7114746528
4/29/16,513453819.5,57164289.1,47129786.2,2816996,118917651.1,311213030.5,57544140.5,150152329.6,45380086.24,146902550.8,59181511.14,65034254.55,51425297.2,138384660,192578850.4,66631241.25,168475918.2,167562397.8,142982160,25814825.19,309155195.5,231100848.8,193813715.2,83372808.61,104619815.3,111017110.8,151890951.2,392001489.3,38559758.97,18973020,165413618.9,148717174.3,202536362.1,213267582.2,152210023.7,56758480.25,57281108.08,125123521.1,147126056.8,207646110.7,252761155.1,209889683.6,366881304.4,7079508869
5/31/16,546975660.5,58222493.76,49755888.7,3626386.4,118654725.2,341032560.1,61052312.84,151921637.6,42338008.92,153043638.3,54228966.73,65171078.82,56713525,146113133.6,190354902,67740040.2,160978596,164358204.8,149167980,27291200.86,309970072.4,238670132.9,192948475.4,82820890.11,103410408.5,107151347.5,155729086.5,416604751,43930628.43,24948480,166824573,146131667.9,210450260.3,215716486.1,153078731.5,59723316.24,60856156.2,127093970.7,150364201.5,207483059.2,257507874.6,222162282.2,369131311.2,7260756734
6/30/16,515586574,57752365.12,47731294.89,4086300,113945135,339203880,61463652.6,136308325.3,44264852.52,156611217.4,53993673.2,68946056.4,53800275,144302437.3,197573310.7,69558195,158707178.6,158847253.8,154881600,28557762.31,333653117.2,227224790.3,196106600.7,86927163.75,94956418.9,105641431.7,159465920.3,399535360,39219763,25103340,168743338.9,153021537,213543333.3,225379008.8,157794574.1,58145333.12,62859752.2,134253524.8,141278348.5,227603840,240296681.8,227577563.9,388703315.1,7240569013
7/29/16,561529645,65744552,48762757.26,5457527.88,128740542.8,359732091.9,64215513.18,148041156.7,48322901.92,161560122.3,50550957.34,73415432.7,55419500,153521143,193144261,56237414.72,155673214,171971527.7,164922660,28619104.47,344463148.1,233916476.2,188308345.3,91497546.27,102616433.2,103279993.7,162372346.5,441679750.2,39121156.25,30548500,169196839.2,156753089.4,223732279.6,227827912.7,155536045,62505446.08,69973897.5,136155132.8,147236173.7,225867893.8,242176545,227421731.6,368841048.5,7514007837
8/31/16,571713802.3,61769189.9,50980152.21,5887129.2,127266271.7,364638757.8,70096958.6,164705455.9,47877730.45,156779384.1,50840630.25,70918265.16,53807050,158097109,189746181.6,56216698.58,151806760.5,165715184.9,169795590,28747190.1,326499561.2,243808785,187445139.5,85823793.25,104114090.1,98699848.92,173627410.3,447757911.9,41779251.25,32816900,169938930.6,153630116.5,211084689.6,233064091.7,155024107.1,60002885.97,69763223.4,129572795.6,152612510.6,213312883.7,256313787.6,220982351.5,361339081,7508303463
9/30/16,609163481.2,62166088.55,53969018.58,6398660,124240088,397722250,68547371.6,159705104.4,51862185.87,158113959.9,53837812.35,66809445.66,48326075,159055308.9,194160638.4,54131273.82,149235398.9,158993662.3,178897250,28375759.38,323189150,240521881.4,182654347.3,88594439.18,109652188.3,98443840.32,172576631.3,448112851.2,42292239.75,36658200,161269735.6,155996084.9,205443633.2,239577393.5,150820010.9,62711472.78,70258741.96,133334740,156008091.8,211886178,223416821.2,223085767,361919612,7552410933
10/31/16,605430818,57682603.8,53456874.77,6701262.87,105012029.5,375296399.9,67819288.68,167043442.5,48759919.26,147341046.2,53813042.25,64637969.49,51040705.04,154136320,197612970,54333192.1,148962191.7,150752383.7,165248930,27953574.32,317334373.2,250165873.3,182869461.6,81515520.32,114457354.9,96062960.34,162373013.8,465899031.9,53587336.15,38355240,157738880.9,153744417.6,192341824.9,232276192.4,149612194,57968488.89,70813583.1,134601420,154376210,196086095.4,231154240,216589925.2,345528040,7425390190
11/30/16,589327232.8,56050841.7,51119907.87,8258402.79,107176842.5,356646095.2,68022100.2,213418592.6,55909575.88,165669299.9,60117590.04,65949777.73,48894768,149689213.4,210599509.6,54070345.34,157745614.3,157630033.4,164443300,29178131.92,302795211.6,286869424.9,174027895.7,74096989.76,109302389,99047055.88,168709274.2,468542651.3,50209965,49695800,165005872.6,143561718.3,195036929.7,220662382.8,136953178,55346952.75,73891999.98,150691509.1,144401362.9,203424036.6,265780274.8,217858160.9,362006298.9,7521972189
12/30/16,608960249.1,56551427.1,50883449.3,10602900,107932222,357687990,70236024.1,223321538.7,54259670.02,163396950.9,62124813.78,70326716.4,46490775.24,151697117,222190411.3,53842083.68,165862065.4,163331026.9,171557100,29416834.09,313432491.7,308768400.6,178815280.1,81195375.4,110425358.8,101081643.7,162312714.1,480342200,53240685.2,57532860,157735472.9,150058567.3,197100170.4,224997491.4,141933011.5,55738027.5,72676952.48,152328632.6,144724057.2,217610722.9,276779118.3,212418892.8,374280510.2,7708666682
1/31/17,636667629,71890806.47,56038518.52,9695950,115661176,392940775.1,79858254,227591452.6,55968083.18,178470644.9,60414956.52,72013398,53716335.4,153815040,210203078.2,58047631.84,175250900.2,167594590.4,174158600,30330985.3,308100249,302828482.3,179289705.6,85037114.44,113719403.4,101787521.1,170914984.6,499584814.5,60563272.52,63870300,164545378.8,148839511.7,192548904.2,234416986.8,149131275.5,60197859.75,75236631.36,154289373.6,153423824.3,199795832.3,282551280,205104700.6,347866075.8,7924630317
2/28/17,718723514.6,77898149.84,58657824.48,13612629.54,130006048.1,403603779.6,84659286.66,247420011,56689736.76,177098157.9,58788528.24,77771566.38,56676545,171168518.1,212974087.5,59310104,174079592.3,176523710.5,171153600,32085670.4,331598136.9,324262283.7,180153665.5,91368579.12,116932956,106006176.6,180850761.8,494407369.4,61174457.56,59771720,174719214.3,157535881.3,203077872.6,232818360.4,169644059.1,61556852.88,76592416.8,157303667.7,163394366.7,202328209.2,290326080,217981366.7,337194518.5,8259147312
3/31/17,747867382.9,76740391.18,64375050.74,13706100,120771927,423766120,87882223.52,236181735.4,54402441.36,177932716.1,61630941.84,73606016.29,58361675,169265532.8,203262469.1,59296238.4,179297710.7,176624449.9,169853630,29668502.15,337641598.6,313761229.9,182153116.6,92803104.94,119060742,106149682.7,174453581.3,508636780,63705075.33,61710914.67,183556053.2,159763262,203724860.5,229699458.5,175349393.1,59964057.6,80377128.8,158245704.5,165122326.3,198740685,278487462.9,218619288.7,340055613.1,8333958470
4/28/17,748968116,75409832.72,66160910.52,12528600,120105364.7,442122095.3,89649743.24,232797594.6,60247194.82,185506335.3,59267113.41,77920806.32,61260428.56,170281860,202149765.4,57841019.6,182792268.8,187502480.9,170230350,32080930.57,334713835.2,309533646,184360920.9,90541229.24,123136352,114288247.3,170879564.9,528546456.9,65598808.8,62058500,184996192.6,161820593.3,201997873.9,223356430.6,172150370.1,64679575.95,78888934.32,168603556.8,168414925,187283830.8,269022328,227912380.1,346174117.8,8460857135
5/31/17,796466198.4,79232519.52,70177858.28,10574729.04,114163340.8,475403494.5,97370891.64,223022056.6,62107758.7,197340115.3,55286177.76,158270670,63764338.32,157651702.6,196048758.4,58958552.8,168913039.3,183529648.1,170041990,36034358.88,345484082.3,291862848.6,194273257.7,87796662.73,129505935.4,122985912.3,178086593.2,539200767.6,70283822.28,85888250,186765506.8,166948911.9,194850106.6,225300217.3,186066531.4,67598903.8,82186766.76,168814309.2,175818387.5,190261770.2,255562842.5,238280301.6,341099913,8712325281
6/30/17,744552003.6,84351571.92,69787344.64,11818560,125848461,464640000,94756498.65,241433069.7,63303611.4,183076877.8,54383091.84,70199834.13,61601870.8,156501690.2,197659131.8,58576786.8,166268393.8,183398137,158544260,34028179.77,356367167.6,324726285.6,191624271.2,90808914.7,127998826.9,124836121.2,175296724.9,531312440,64507767.5,86013200,207413235.5,164977580.5,200459880,222896060.1,182416645.4,68256153.4,76292788.81,178682208,173141325,182184619.5,276901390.4,228137284.3,342074484.2,8612552953
7/31/17,768224360.4,85447446.74,72279044.94,12885662.19,127335584.3,474509756.4,100527023,237595989.6,67341373.35,190273887.6,55212976.13,69576537.91,64589490.4,156703587.7,206915377.6,56610288.1,172027148.5,178855028,166673530,35080206.28,356220480,323040895.2,195521535.4,91007750.74,134085076.2,126449959.8,174722340.2,559953138.8,78431705,97506000,206544532.3,166228721.1,197893707,231890433.5,181272571.5,68477763.6,80569373.82,184840008.2,182132077.2,197443347.2,267755193.3,241129775,339137964.2,8829146625
8/31/17,847097392,88505346.42,76556874.96,12308127,129714324.8,471060628,102839266.5,252039500,69433417.77,191026516.1,53131993.34,68799612.34,67925665.62,160490383.5,203940222.9,57951039.8,156200277.2,176669453.7,164793930,36066072.3,355281080,319838638,194284597.2,89499395.81,139855560.7,129575220.1,174168826.4,575896783.9,75431042.5,101664000,208199205.1,164974272.3,201734078.1,235289791.8,181614272.8,74894737.98,81995029.98,192308454,189376382.4,195689201.8,253508671.2,233210860.1,323418301,8950019556
9/29/17,790050098.1,92709958.48,73537236.74,12303750,135474570,463370700,98951226.66,267337000,73700242.83,179483303,60908297.45,72056443.97,67140954,166534280.3,222662852.5,59590508.2,152140922.2,192807472.1,178214400,36242004.36,348946840,336096251.6,191981333,94178599.06,148144074.8,126910330,174632476.6,574722604.2,78475766.85,107262000,201788048.1,158844579.3,212320359.3,232000273.7,172419399.9,75719164.4,88417041.48,189359531,192522898.8,201889901.9,273761566.8,233419964.3,347357949.9,9053298655
10/31/17,867904100.5,94221533.89,86343895.88,10598317.02,127194125.4,532603484.2,107669737.9,285694517.5,80254133.4,168055701.8,61150643.4,70390349.2,73551758,169076650,219611897.7,64183473.35,150967876.6,195424448,212893200,38610830.34,374176440,354042968,195905468.7,90223724.3,155256818.3,135196599.3,150249931.9,641699596.2,85001350.33,125326860,212430437.4,156762822.9,208514055.9,219040953.7,162527161.9,77572122.81,95293893.09,203253309.2,199943640,195282840.7,278675872.3,260812606.6,353153950,9483871290
11/30/17,882331517.2,98117678.37,89454366.21,10506661.11,127513526.3,567042876,113778074.3,293830396.4,83974934.1,175098835.6,60827854.08,80998889.55,75350336,184397100.6,226006512.3,65637287.8,158310903.8,209984625.2,209851200,40193293,374312831.6,362655761.5,195010728.6,93196680.8,157030943.4,137092076.4,150579633,649337040.3,81171680.98,121630260,204751223.2,165708102.4,216135235.8,228300850.4,159591608.3,77295796.2,95885229.69,221112017.4,204177799.2,207602752.5,278073018.7,290445650.5,352908558.7,9715452097
12/29/17,860882486.9,99336099.07,86088752.88,9940760,125590580,563534847.8,105165097.8,307911725.3,93749699.72,185634313.2,65621873.24,81726408.72,73840729,189340722.6,237782631.1,64566056.1,162047887.8,221323468,216351920,40336457,375360574.4,371052498.4,195479402,92998483.7,157959750.1,137211654.3,153304070,659085700,83194120.28,117261000,195720382.6,170286400,215896807.5,233095701,164095897,76140930.6,102681126,213640510.8,206473459.1,215924812.1,298754914.9,292535123.8,354391545.8,9817645990
1/31/18,849541996.6,108195758.2,98134497.12,13286580,134365310,702386005.2,101534056.9,329193664,96843356.52,197129271.9,70308295.96,85568586.22,82277193,206993820,238086530.9,70551648,163707551.6,234600774.1,225632180,43001036.9,371250198.8,401343206.4,202765142.5,89684187.75,176368907,136430412,161422892.3,731557332.9,117296144.4,149007647,213562067.2,170826000,220784587.3,219040953.7,166549957.7,89866989.45,107823047.5,229455684.3,224962268.2,220551530,321729980,315789814.6,369899353.8,10498922515
2/28/18,903783195.6,105356330.2,103170730.3,11735922.1,132417678.7,732945369.6,101168626,328822416.9,92410908.38,167835667.4,63791331.18,83782764.7,83967375,215728411.3,213795515.8,68208296.82,155119113,212845610.2,230085720,42734681.46,348455311.8,396391149,184372500.5,84382957.96,182306357,125324114.5,146187476,722009589.6,126443768.2,146410000,209753633.3,155806504.8,216148528.2,197949234.1,160836966.5,83804106.72,106519535.1,218846664.1,221614717.5,194754661.6,285683310,266643913.8,320945371.9,10149933848
3/29/18,829383854,104640333.3,106412917.6,9738450,113607872,701959900,96793708.8,306618449.8,88078119.88,157444152.2,69640729.62,82686852.6,85176142.9,206623304.1,217845252.1,68384554.13,151029117,206271804.8,242692800,44396841.85,343780316,375042897.7,185207191.6,84542199,181684009.4,124243597.2,146861523.8,701866300,128375945,140111950,186765819.8,154883850,211115317.1,199865197.1,154391062,82952324.64,101990683,207079882,215630002.5,197399238.5,255556034.1,263563037.6,316157039.8,9738033876
4/30/18,812275705.9,101514395.4,109131352,10546462.72,115454462.9,759928561.5,94234723.84,303369471.7,86320062,144149032.4,76639323,86517751.2,88730799.27,209668860,239080205.6,70080843.36,150863712.8,213022101.6,240549200,47414896.52,339327133.6,370985487.6,184269001.8,87995810.1,184909844.4,131622574.7,158520132.1,718532677,135824174.8,136514300,186439234.7,143117678.1,217777733.5,181906091.7,127466868,84628222.35,99291652.74,227198602.8,226628488.3,203914200,253246908.7,261176292.3,329193500,9869840880
5/31/18,918491838.1,107873657.6,122762921.6,13309093.12,118855631.7,790735623.7,109902520,294446840.2,90827748.55,143184671.3,78850747.74,86936566.08,96021963.81,200860090.2,237531955.1,69354327.44,147887122,215193633.2,257232000,51728140.8,320838783,364345186.8,182976309,92304967.2,195860673.4,125636171.8,160153797.1,759407290.3,152838058.8,153079330,190725663.4,142139362.3,210175086,183993208.8,123642862,83791811.21,109550713.4,232086521.3,233487358.1,196967530,263086467.3,243697616.7,343956674.2,10210606047
6/29/18,896472365.9,106926936.1,119384736,14615250,119798910,827802600,104742835.2,285828389.3,81117771.35,150023364.1,81459994.92,91646507.16,101271134.8,202365012.5,241602293.5,68935183.64,155826372.3,225056434.4,229212810,52422211.34,325452081,354777763.4,186635835.2,92619741.9,202453921.4,123029384.1,163301452.8,757028970,170451324.9,143798300,175409689.3,154051050,212222435.9,196289597.9,125508230.8,83337186.22,107423851.5,235767078.5,236577421.8,207875738.1,270152134.6,252739788.6,350265086.8,10295585384
7/31/18,919086618.5,114903941.5,119810742.8,17869403.76,127221311.6,866930363,95733673.6,308437160,85978739,163603656.4,83868396.15,95913520.82,101827977.6,195106522,241296540.4,71780867.9,168835443.6,227848010.9,221789100,52819731.84,355438518,391379116.2,198313752.9,106120754.3,202960890,123696784.6,177210324.5,813444459.4,146945302.1,148874880,189821470.4,162647030,233573370,203380767.1,134153954.1,94356813.19,108224747.4,243339608.8,242940214.9,213373175,277803105.7,263303810.1,345113340,10637337331
8/31/18,1099436055,117258682,128858234.6,24537528.24,129331418.3,981681188.1,90557296.41,308936572.5,82522026.25,169136368.1,85332635.85,102155001.6,113358334.8,218372625.2,226986773.6,72452632.7,166600960.9,229708586.3,223310730,56770743.84,361340405.6,385090088.7,189552733.5,113466832.2,220960855.8,125858034,182416819.8,861370815.6,160109197.4,170653440,193404509.9,158418207.2,243394807.2,206475739.1,121080550.2,96308523.6,109274718,258385501.6,260973293.6,224653360.3,281647691.8,282867905.8,339424547.7,11163240772
9/28/18,1073390540,128696841.8,131771773.3,30859110,132769245,969452000,102009778.3,294253845,90628619.25,160763524.6,89946153,103004745,120338001,222395399.1,234306455.2,76035378.3,173918196.4,237008186.7,215831560,58822012.8,370676396.5,379242150.6,196442467.2,115249652.3,228187493.6,129783582,188666703.5,878361600,163152481.1,170860160,195307217.6,157813302.4,258343187.7,207172703.6,126754500.8,98314447.68,103520151.3,256056316.9,266658599.2,220604063,253136160.7,275037503.9,359958526.2,11189459467
10/31/18,1038577806,121081597,119963811.8,18199201.47,122849451,781377351.7,92401270.03,269890417.5,71591781.24,173157888.4,80471815.8,100187495,103849508,206652750,213937812.6,69669758.2,170780113.7,201230991.4,213960320,54769270,375450100.2,366403573.7,203801890.3,116463258.7,201807430.8,137239020,195767635.3,819896951.4,131601731.3,128606300,185003966.4,158632011.8,252422456.6,220938061.4,136906928.7,94113285.4,89167206.69,251542318.6,244912305.3,235896736.4,250798468,293693545.8,337349980.8,10611909395
11/30/18,847433174.8,130056458.7,122349770.1,21287369.1,132700856.8,826440734.7,96690208.11,278723194.8,80059816.69,177107740.6,76189195.56,101889478.9,109211400,215221700.9,227267459.6,76776914.62,171926613.8,203676489,225050840,55672465.77,393982568.2,369752449.1,214528305.6,125677962.1,205278596.2,145324244.1,206313831.8,851215924.9,124777001.1,99692300,184700929.6,172126601.9,267231359.3,235462970.1,134512961.7,100462840.8,95910218.55,270677886.2,249380974.6,249160504.5,255509204.3,283698639,336587656.5,10706898449
12/31/18,746079125.2,127035565.9,110328877.1,18552300,122564232,734416768.9,103560869.9,241821814.1,74984896.49,153787437.9,71779938.7,89732217.9,104782050,194810033.5,207873103.5,72277117.36,163232775.2,194075501,214188520,51084346.65,346109260.9,324626621.8,201545937.9,122584741.8,192598633.2,136890488.7,198694730.2,780362310,116860088.3,81435000,162039692.9,155666320,252317733.8,229010223.4,103780022.2,90092483.04,90771313.5,239661910.1,231850509.5,232301883.3,216909803.5,270624969,288703299.3,9772142897
1/31/19,784811203.2,128177182.3,120852644.7,24532050,117804456,844245332.2,109250445.8,275284572.4,78578648.12,165169063.3,77054843.81,94542368.7,116257050,209210960,219070239.1,77810380,166240522.1,207302273.8,211898640,55913134.86,356917632.2,344180038.5,204866018.8,126970334.9,215141470,137823289.8,193545985.7,801209203.6,148225360.5,87687500,180271401.4,158752030,245381163.8,241327422.6,119263081.3,98900845.92,96707469.24,259941586.8,236291396.8,227507920,224071383,278411065.8,310253377,10375937325
2/28/19,816450732,136337201.4,128392687.5,23654685.47,118282602.2,806402800.8,109042560,280876740.8,79045075.62,174653751.1,76969311.4,96243193.86,125192250,227892989.6,227209533.5,90640201.8,168219276.7,209120813.9,238161120,64024710.49,363891313,341699895.1,193843915.6,130763065.5,227970275.3,140695877.3,209827373.8,859518022.4,156346101.9,93481560,187090347.5,162437889,240670746.8,246530709,135155533,104496652.3,99287012.04,232419536.6,259236217.2,235196058.3,226970663.6,287591687.4,334850110,10656771691
3/29/19,895667436,140412211.8,130034062,27601513.28,116723712,876129000,119034850.7,265938547.7,77980321.07,181072258.6,75710122.96,106538936.5,122103270,237665491.7,234049760.3,94485921.88,199589859.6,211828138.6,240414900,67724272.93,372228897.9,331451517.7,200334044.5,134407873.4,238802337.1,145333698.3,214680067.4,904128040,155885179.5,108813360,183562196.3,172060200,235785158.4,260289399,137516720.1,109215374.9,99578409.93,237255613.1,273360145.6,244206900,219467120.6,279880280.5,342349600,11038043111
4/30/19,923297720.3,139744753.2,141139826.8,29884608,109373723.5,948487444.6,126037366.4,290760847.7,79730951.92,197162474.9,71336709.12,108030499.2,128108715.6,241312350,228703734.7,94818298.96,246220148.4,224628341.7,228506080,65085547.58,375983406.4,376914733.3,209295601.9,121232255.8,256747314.9,150843509.6,203313833.3,1000764031,162007498.8,110229000,189098795.8,179503307.1,225458801.1,267086978.4,134670307.7,110970566.7,110548813,221939742.2,285941796.8,236521083.3,218421079,294855135,339664680,11485088477
5/31/19,805510200.3,134307099.5,131731355.7,29646656,101676331.2,873923763.2,100171341.4,252918199.8,68516463.56,185703227,66635176.96,105364648.6,117308379.9,222726538,216874231.2,94510447.34,237632256,208889297.1,197167080,63475648.55,348210594.4,343731379.1,209594230,112558146.1,253970194.4,151390248.1,203937551.2,947737330.2,150088881.6,82495140,172933292.4,179433216,230510943.6,258132240.3,119999085.4,106786927.4,97864267.86,229792937.4,280550934,224775675.5,199413998.9,290841160,299434522.4,10710799040
6/28/19,896853698.4,148367622.1,143034601.4,32981820,110954988,935453220,114589581.6,275737887,77940980.04,191762673.5,68940736,116218641.1,117825021.1,234284517.1,237047249.3,102321287.3,251309968.4,228826479.4,212064100,67747973.19,369796199.7,362676181.4,217230575.8,107558366.5,267138794.9,158560039,215883899.4,1023856280,160825552.2,100016070,190041608.4,183450870,240504192.6,275038384.5,122177209.6,117466420.1,107250679.4,231893195.4,301801367.4,236272940.9,212672310.8,315418233.8,324228733.2,11451412230
7/31/19,962766107.2,153940365.8,145078299.5,33054875.7,111892212.6,923413927.7,115437479.3,285578674.7,75298912.92,195799305,65587189.36,121219042.1,120336651,235425679.4,234513716.3,100790204,257374954,235120115.3,223936500,72150515.8,343672196.5,376300868,225047301,105772037.5,273117032,160896520.3,213669705.6,1040477184,141416326.7,102750480,187806609.7,178700107.7,215632106.2,294875724,130083782.4,111066724.1,116711836.2,236644910.4,307400838,228580525.9,213952836,315104214.4,314624149.8,11580760036
8/30/19,943333633.2,150794397.4,137959752.5,34140421.7,125109622.6,878652506.2,112115091.4,256071360.5,66948091,200743044.7,57927209.56,129583865,136873390,198722024.9,223481767,101930819.1,247257281.5,249596320.2,210026300,74994938.64,338763347.8,351275702.1,235352526.1,109064966,282245342.1,165536008.7,221395626.3,1052617485,128614031.3,102013590,173662737.1,191171784.1,196628756.4,300891565.6,112160505.6,114960640.6,115535475,221757354,312270896.2,240549760,205192403,326180535.7,289746138.9,11366852862
9/30/19,995151566.9,147878190.7,133726823.8,32294860,115370662,859275450,109508963,271523140.2,71060616.59,204654454.5,63255891.16,126660358.8,130181880,209759778.9,225152374.8,103609460.2,234755711.3,254097399.1,224155500,69164079.56,341455297.1,376312009.7,232786909.9,107964372.4,272414854.3,163060221.2,215532367.5,1061355020,117284732.6,106008630,180636910.5,191177038.5,198730554.6,311277492.5,118134931.2,116646644.5,120862404.7,205950034.9,297056281.7,249648960,222244037.1,337559625.1,298758394.7,11478825074
10/31/19,1105306601,147860606.2,134540076.5,37785398.04,126709738,880862698,116165102.4,281276995.9,76156272.4,203474104.9,60569248.8,130626491.3,137241730,201489910,220482266.5,98993487.42,234035159.7,256900990.7,245905500,67041412.5,347512378.9,399429826.2,233204845.1,109406927.5,276103857.7,149382634.8,221882097.5,1093741916,125957719.9,123024240,178864351.3,191274649,212226311.8,310504532.1,126710460,120935742.5,110294102.3,239478988.7,308886033.1,250090858.5,220413633,333520741.8,285895832.4,11852140172
11/29/19,1187462571,151114565.2,149298390.7,43598536.2,139466868.5,892831237.6,125785808.3,299716965.2,79986192.34,200432434.9,65770303.86,132449462.2,142854530,192216936.5,221477837.4,104854660.4,273207488.8,240539143.8,252517500,67390879.23,361856081.3,413263263.6,228791819.4,112671372.9,291484521.3,146461526.6,221958885.1,1154848652,137900059.7,132644880,184280504.4,189406106.1,213174379.4,304394692.7,129028713.8,125891124.5,112369302.8,265153036.1,316006033.3,249139628.2,230330891.1,338725781.6,288265251.8,12287061471
12/31/19,1287643210,153608088.2,159080225.6,53656200,142568798,920224320,125710227.8,316807668.5,81616533.44,204325242.3,71355403.07,129841511.4,144261680,203458933.5,227868984.7,110241767.9,260680822.7,238215673.8,256756500,68182212.51,383911168.6,437226009,237146576.9,126190017.3,297828296.9,148818707.7,231557244.8,1200254700,141984781,144003600,169941244,190107970,216826900,311477118.8,132389403.8,130269946.2,119570385.3,278521061.7,321654360.2,253937137.6,227539514.2,337169877,295246576.7,12706404224
1/31/20,1354254815,154103255.8,169295479.3,54974114,127771970,999960903.2,121758840,290090771.7,72591628.3,196237652.1,65210696.67,134965904.2,161708970,194958770,202588026.1,111885085,249685372.3,248818551.1,273428610,73035905.82,391806784.6,415145154.6,249952000,134072692.8,314676240,161139309.2,217528873,1294777381,151427907.6,144695160,168241190.1,197549820,206090703.3,307743232.9,128670862.5,125586371.3,112449660.8,258123216.8,339447595.3,245843840,194068736,324828165.8,263016080,12866418174
2/28/20,1196081213,135837244,166692960,53196227.76,117802152.1,937836240,108991022.4,248763105,68342311.92,183697343.7,52348411.44,124157609.1,151144800,169338338.4,175416195.5,100661945.5,212409898.4,237626625,237459040,69251000.65,354317280.1,356919469.5,229486863.2,120628461.7,288590060.3,144743444,194176754.6,1232255674,161932947.2,165282840,158650319.5,183461626.4,185402095.4,279616163.2,127382515.4,115979182.4,106570805.9,241848172.1,310086922.2,223998394.2,167480384,305507004,217703905,11836162353
3/31/20,1099546654,139152498,153328350.2,53257080,119205240,972910280,94790446.1,185306691.9,63831631.32,156588832.6,33167288,125907705.4,128862100,166708992.8,136175889.5,96457236.95,174405407.4,200665078.8,229144080,59912470,345704837.8,276750149.3,189983038.5,132760311.4,240178518.4,123259661.5,195140536.9,1197018900,165137765.5,162142468.8,152412714.7,166818900,181074937,271639830,113606453.8,113107620.8,92083596.33,236555134.7,274874586.9,222442200,117365722.6,321803312.7,160696292.3,10893522051
4/30/20,1273427623,162892936.1,170902895.5,61358644.1,140720447.3,1233971824,108591231.4,208645462.4,62989394.82,171393850.2,45335806,133798740,144945250,178843600,171762068,113914456.7,195258227.9,236122920.3,256534460,70358623.51,395294633.8,291736383.1,197092548,147996356.3,273056483.8,139453673.4,200340402.6,1359028282,184651709.4,179752200,167045344.5,183552375,212807432,291804040.4,116161898,132182200.7,106525912.1,277093682.2,304900609.3,237727812.8,118797011.9,344436478.1,196588082.1,12459107622
5/29/20,1378058470,167898767.4,185568000,63010022,135120335.9,1218195539,117144425,209255737.3,65019041.07,180366634.8,45234886.5,136196908.3,157208223.5,201910194.7,171201974.3,117796602.2,211875119.1,267245955,269151610,75707036.72,391896006.3,296505808.1,200485511.9,146378962.1,298796106.5,138539353.9,203745432.7,1389665380,184598932.9,218337300,169568211.7,182525625,212139110.5,286976536.6,114231056.8,137912939.7,108976366,289113643,329391746.9,237438153.1,108526947.1,351549070.1,192256754.2,12959360727
6/30/20,1562780947,161725498.4,208802971.2,61764140,138308304,1382168820,126178037.5,206045761.3,68466733.5,177696410.9,45063298.5,133874492,168784330,196927885.4,166590536.2,125022346.6,201416833.2,269429266.7,254456990,77237762.49,370503094.9,286602983.4,191895729.9,157126498.8,293642223.7,137163775.3,195188730.3,1540774210,200679465.6,233644650,169606054.1,183180100,181643071.8,296012633.5,109092527.8,143106545.3,116252589.3,279724681,325899425,228127664.4,104959948.8,339211330.3,189085595.9,13463288011
7/31/20,1817315475,178186139.2,213124752.8,90907233.51,143301751,1585156565,127967000,215562758.2,71919838.32,195110476.8,40103242.74,143729307.7,175559850,199572496.8,156714217.3,144577554.2,211224863,285540601.3,202995690,80189283.8,383760280.5,294464302.7,202916538.4,143747876.3,306227132.1,144458059.7,202533864.2,1551444542,215603413.2,261972030,170158416.9,190608578.8,213750012.3,325138264,119615214.5,163754066.6,116828657.2,287150496.4,321015732.8,237855343.9,99941496,366454718.2,177923118.9,14395861666
8/31/20,4413822491,193819919.1,246427200,106627856.7,148368004.1,1728551354,140422522.2,223013882.5,77061861.17,204273375.4,40639525.74,153406713.3,248111500,178735203.5,156724419.4,146471676.2,238297397.8,306833018.2,216690350,90425519.73,403901376.4,305339444.8,212753093.7,141930583.3,355516469.8,158880872.6,215668380.1,1706732781,233543903.4,330082660,175589984,193931698,209994495.2,343900414.7,124255929.7,169699769.2,130201439.6,297027516.8,357416623.9,245262460.6,99499135.05,393216674.1,168875626,18191169110
9/30/20,1966078923,192686779.9,235268589.2,98551980,148302360,1580662460,147367804.3,208718120.8,80765769.05,211217562.5,35223067.44,156635940,228701200,166754610.8,134447256,152757040,224220377,298942595.8,212194440,85404061.47,391974688.2,293392837.1,212065823.4,141576689.4,335645899.1,163323167.5,209800541,1590936120,220910753.9,333932740,179750013.6,191539101.6,203937496,346032422.8,116780952.1,174660455.3,131029958.4,296286254.7,337150819.8,246172832.5,96862304.97,396470382.2,145155238.9,15077609535
10/30/20,1850816166,186100408.3,214482364.9,90552186.48,126295742.9,1523391299,142299410,205339122.6,85043674.35,192862729,30564929.34,157791957.4,211365700,151569800,133791114,163059936.6,219106388.8,287101579.8,181459440,82668953.44,360947970.7,298787096.2,206534726.1,124795687.7,285311980.8,158493939,190224215.6,1530773625,210179553.3,310341840,168940925.7,184200915.2,197158102.4,339953982.6,110600582.3,187514015.2,132725233.8,289985527,306364332,235829977.1,88642125,393183228.8,137924960.5,14437441544
11/30/20,2024064528,191805015.6,229187130,111443293.9,129264804.8,1589567238,163327806.5,243606246.4,94304156.22,229389761,42248378.92,173536480.4,223678000,181781612.3,167826033.4,159571985.5,267969884.9,298659883.4,198138300,92491846.92,380876321.2,359322169.6,221747646,139326168.3,332630039.7,162016935.8,203389433.3,1618475379,216788806.5,331821140,173788455.4,199319513.9,212942189.1,344342885.2,117966687,184287848.3,148018147.5,319126455.1,355992974.4,249982258.5,113078301.5,432969120.9,161222562.4,15842306173
12/31/20,2232278767,194055915.4,239557480,111060810,132962736,1638235790,178079287.1,262205444.9,98883821.16,239531508.8,42710719.65,166896584.9,203614950,189091751.5,162570641.4,157803146.8,328023672.3,285966757.6,202368840,99804068.1,414309617.3,387335155.2,235671335.4,161509304.9,352824481.8,159885918.4,206956781.2,1678381320,239486613.4,323241800,190449559.5,204654000,204604593.6,345012378.8,128930191.6,184604916.3,150893572,332732548.3,370895430.2,243113022.5,124778908.2,407841576.9,174287805.5,16577944089
1/29/21,2215357148,219046219.6,219613199,103737873,139618969,1614530103,183804000,256496635.1,99329292.72,226594978.8,54225638.75,156110630.7,207004081,188172180,164014430.4,169104240,305104776.9,291565082.8,225537130,98919223.2,429446739.6,392212280,206921495.3,198940358.5,312178230,154863870.2,194989720.4,1749492423,235792869.1,322145800,177907974.6,188466600,199546452.3,315714048,124040219.4,202011949.5,152474399.9,316507709.2,327774030.5,226555500,123538561.2,397486390.1,189594012.6,16519401895
2/26/21,2035724521,212193743.6,220331782.4,102369075.8,129906144.7,1557593362,191848860.7,299657886.1,117720227.5,240994296.6,70459767.35,146518474,198689411,189431537.8,192637700,156449852.7,343157506.6,278129102.3,246949140,106835937.6,416540632.8,449090138,211113194.9,196371903.1,348594266,153692212.1,183751547.9,1752660154,238653970.8,340119600,189919633.3,178231686.7,186794795.2,304189660.3,130845690.3,177238353.4,159006588.2,315217312.6,360237652.5,228839639.7,149530650.2,367580837.1,230174470.7,16502459162
3/31/21,2038232156,212300035.4,227226860,95377500,143140393,1559416320,189313305.3,334017966.3,126439638.5,248071190.9,71754486.25,155984384.3,195132270,218308554.1,201865045.8,160497120.4,334952513.3,328775312.3,258432000,104897150.4,432685395.5,464530758.4,227143835.5,179053145.3,350761589.4,167112508.1,195062060.4,1776291180,231295697.4,332288665.9,202337651,195483900,202096881.7,333493124.7,138302443.6,179719249.3,174483694.6,351724840.3,359118217.2,240741000,161521006.1,382642889.8,236355355.9,17029126675
4/30/21,2193755971,212725202.3,242986520,99170014.02,137686120.6,1748703124,187042000,348141797.4,124389295.4,257439046.8,69149002.14,164662476.1,212069673.5,214585650,198725041.1,181130069.3,337675409.3,348017752.1,232306140,112626429.4,428420410.1,466368531.5,232744540.4,175171520,375528684.3,176138579.8,188508542,1899312584,227674138.4,374036740,218543117.7,199175925,215596038.6,326638844,148061015,184808383.9,166705317.2,376422933.2,395138209.4,239254529.7,186556555,393634266.6,242024114.2,17977356923
5/28/21,2079445699,207266053,241189240,97298881.68,136709378.8,1625471555,193778578.1,363253390,132060490,262895012.3,75216559.32,167221440.6,219583677.3,222931444.5,200601056.6,182699283.1,324594901.8,339083608.8,230650560,119985294.3,445702273,497175502.7,238392842.5,191555653.5,354415884.9,174522636.9,192157881.6,1880483646,222947462.4,404812940,227049545.9,204398490.1,216798688.6,330139770,150289722.9,184526646,175303325.7,388729727.8,384547503.8,233872441.3,193120483.8,399598848.5,247111671.4,17815696733
6/30/21,2267638776,205986742.6,278998896,113937090,138840000,1740720960,195628855.2,353312981.1,119214884.8,261168306.9,82179556.2,174913441.2,226194020,223352865,202437177.7,191415552.4,319362137.6,339062343.6,227759980,133943364,433825657,470870597.1,233305058.9,220115418,358848786.5,172358732.3,393836301.3,2036897100,233783633.2,498462300,217329280,204770940,219205697,330335626,154466602.1,198270835.2,177509630.1,377896028.9,395578078.9,231968010,187209475.9,395158628.9,267051640.1,18790257226
7/30/21,2411090013,214959683.6,296144532,128804753.4,137158972.1,1685228007,199984800,325567112.4,113254962.3,269458637.2,75648373.08,189965890.7,235042011,233495290,196774193.8,212378111,319816370.6,348950643,217942040,144806353,453313400.4,459487843.8,246369600,233522587.5,377769264.3,181103891.5,194639298.5,2141067595,229074411.7,487475000,243294880,216922949.3,239637280.1,348212179.6,155994368.7,212239050.3,175982290.2,389012838.4,415818358.8,230935670.5,188648521.3,399445912.3,243724840.2,19127515983
8/31/21,2509775104,224030884.3,316186680,134299484.8,128067661.6,1757750358,204659591.4,351322242,115445209.8,277932179.2,74359223.46,201246869.3,257717497.8,248887340,187144664.2,231417824,329445125.1,344236998.6,219321420,154600112.1,455761608.7,477955392.3,243259200,247075306.5,338899964.7,177334890.5,193118598.8,2268595295,251921217.2,559625000,248850960,216148964.9,258300116.2,345767915.2,160529723,218327874.1,176250021.1,392508059.6,386639011.3,227706380,187662982.7,414997822.6,230813854.8,19835969862
9/30/21,2324390219,209422872.2,273927576,124714800,120147250,1665515280,199604946.9,357212674.8,105098007.9,255011660.5,90749587.14,198533614.4,265524380,229571370.5,196195372.4,217339716,307403374.6,346432145.3,216689760,147335864.9,425145843,489131092,226670400,221018040.1,340319266.7,180060706.9,190131576.3,2116626322,270351323.7,517900000,238186061.2,207964837.7,241143650.9,339478576.8,147734101.4,224772077.3,177489597.2,368435388.6,375922478.3,223607665.2,190578534.5,388660851.2,249018175.7,18933536857
10/29/21,2457678271,228498383.1,309441288,145190950.3,116579164,1710321130,219579710,402064113.1,111689558.7,234494005,99748218.18,217174169,293396510,236025490,221413584.9,222783671.3,307221661.9,392319154.7,199283000,171034865.8,428778668.2,507657653,243518400,243701377.9,327034363.7,183376494.5,222887568.8,2489796328,305774195.1,639686340,262269834.8,223436724.8,245236533.1,346028364.5,147182519.1,249061766.3,173142654.5,434184991,357392158.1,219387290.4,204481404,416657371.2,272937806.6,20583612880
11/30/21,2711977424,222397456,318714630,191249195.7,112022342.1,1778603536,228600076.3,363946215.5,104591135.7,227882760.4,92497753.11,239179430.9,278975840,231293567.9,217577918.8,229836546.3,263378354.4,418332585.8,200096400,184709834.1,410500850.2,469384898.8,226584000,237273079.7,306955358.3,182776127,189218465,2482063108,284330888.8,816900000,248054667.6,220920296.3,301579343.9,349876081.8,133793798.3,249365395.8,177658696.6,418389051.2,323543775.9,208126044.3,190509992.7,392146473.7,253336649.3,20829303987
12/31/21,2902367977,248868712.4,269353500,173687300,125600751,1697179060,274730488.3,364109897.2,111834349.1,227682149.4,95201594.46,251736346.4,250318050,267269755.6,226213952.1,235102978.8,281536737.8,433369627.4,209605000,182138677.7,450358368.8,467966371.1,255787200,264229842.2,350232437.9,200313967.2,193588348.2,2525083834,267298410.9,735275000,232889682.9,240240930,331439796.4,395855093.8,147898660,262924587.5,174146280,472941061.1,361345721.4,215122921.4,191307439.3,401352407.8,259051964.7,21389700486
1/31/22,2852311898,225385861,252375536.4,137020367.8,126812262,1522191561,240210800,377613635.8,109032269.5,226144062.1,116885083.1,223990806.2,229140550,231086170,253163002.4,204339850,260272167,383214828.2,198795040,157025706.8,453570137.1,439152527.6,263563200,234738110.9,376608063.4,193872715.3,205813917.1,2331375389,189519028,613619160,216733478.5,239978160,295741962.2,384609239.7,160119759.8,229060102.4,165767451,445090527.1,375085756.1,223459540,209056040,387815883.2,321581749.3,20194282740
2/28/22,2694666098,213290777.9,220909115.7,200719199.1,126155927.9,1562116546,239840590.6,356685204.2,100521871,211532233.4,123273131.2,230172620.8,207372050,231677949.4,280447632,196300016.7,270291175.2,329802003.4,194234400,134157528.4,432698634.8,418708316.2,268876800,238039132.7,349897617.8,182007300.5,193573869.7,2239988592,175045762.4,611088100,202873858.6,226526266.7,263959861.2,373678618.7,156641116,212808448,156993754.5,447745607.1,358418594.9,225297214.1,207385146,374917350.5,331998284.6,19385099982
3/31/22,2830003448,208725729.5,215280450,177130800,129180244,1659314550,257086380.1,332637197.2,119406564.2,209373047,129605100,255230540.4,210196800,231636407.7,317120055,209834495.5,249718022.3,312572059.9,202634039.2,135987322.1,466046666.5,402526922.9,268769690,272723610.4,346561750,183873698.8,207400574.7,2307083730,166420597.7,683230252.7,220736628.6,231653920,292385260,366271684.8,145614703.1,231057554.8,169168560,479830263,367788690.5,213948000,184853432.2,409795077.6,349652363.3,20274249267
4/29/22,2551593785,200155207,187086375,138585844.2,124570098,1264489694,225082340,287930499.7,112825859.5,177749863.2,123798791.5,235671065.3,174180600,203218020,307820359.2,182590847,203237261.8,310423146.4,178239510,118119743.8,474540322.9,352447282.2,280084027,278209129.1,352380124,184279981.8,224191646.3,2075581238,84571998.64,463675000,195842723.8,237420669.6,277136270.2,385207133.4,155008200,216434451.9,156993313.5,478494186.5,353459907.1,194460000,165353337,420994822.2,360238708.5,18141101523
5/31/22,2409002340,205665647.3,196786800,165064944.9,137150508,1223059537,234266936.3,299715973.2,115128777.9,197956839.6,145332042,206518209.9,159265260.1,186550428.2,343174238.6,191817454.1,201070708.5,311152826.3,181633380,116909633.4,472415601.1,388366121.5,274754138,297818150.4,345316278.3,186535777.1,232725924.2,2033324702,87717458.56,466800000,191893851.4,231945241,297601923.8,354808040.4,164696212.5,222182087.3,162996405.8,466065086.2,349172200.2,215399740.8,173484411,354090348.7,404404128,17940145313
6/30/22,2200560080,190239848.3,171316080,123269640,130141170,1081536430,196178822.6,250810705.5,95345936.24,172804876.6,116164744.5,212303306.6,164214800,176570705,284465626.1,184328561,171948089.6,281882363.9,152969490,108723758.9,467100169,330741200.5,272716674.4,308070376.8,304413277.1,182593682.4,230551151.9,1916979120,77765738.22,378975000,186198379.6,230157460,294179277.3,344994915.6,153055096.7,212673475.4,140589750,481873284.4,324025613.9,213131933,148468087.8,333269017,360762182.5,16500713804
7/29/22,2611657908,190572527.3,191936160,152504904.9,132371703,1374810547,216869400,272403146.6,105741395.5,165230350.9,126020833.5,239775871.9,183099900,186470700,321797073.1,211921133.2,193259452.4,309292589.7,149088860,128608920.4,459232277,338818088,278178810.9,313258250.4,341379400.6,194789768.9,225923438.7,2093728600,100014379.4,452077070,207437839.8,241428353.8,283406357,333286346.3,150590466.3,234254775.4,163453045.2,508808202.5,349073457.1,193981556.4,166398910,361968857.5,408385960.7,18260990834
8/31/22,2526643629,179762733,174769920,137007423.3,128543919.3,1291476347,202140049.1,270064382.8,97510071.39,159373304.9,139333461.9,231114874.4,156120000,183799200,309392176.1,196344680,204328340.6,295263052.9,131063520,121705828.6,424191901.2,333521413.6,266872855.6,286221215.3,310965734.1,185606684.8,216240780.8,1950015021,99418473.36,375840600,197604262.9,237716406.6,253846681,329615078.8,148025064.9,213650377.5,150953533.5,485772453.4,324893830.7,175590084.2,165794215.5,363339432.5,398384325.2,17293191750
9/30/22,2203381335,169448047.2,127940480,102136320,120250900,1152374000,179824494,242664217.8,86619308.72,126528564.1,130282197.2,209028591.1,143840000,164353760,281224686.5,187891769.1,171969061.1,282486952.4,106352790,109173888.4,429502844.8,306453774,242265716.6,307239086.3,272589933.8,169759340.6,218166073.6,1736735300,104775508.8,302261100,164623528.7,225135540,245596523.5,301681192.5,128679030.6,198711462.9,140849800,472405830.3,290460414.8,159463178.6,152556471,352036668.6,363876299.2,15672129312
10/31/22,2439350814,173265706.8,148070650,96838101.36,144253082.7,1045057436,196510160,289128449.3,114271182.1,136925217.4,160516731,221965906,162590000,186399290,354099991.5,183206448.2,194228599.3,303155980.4,117330610,120267720,454841781.5,369152163.4,258822103.1,344048865.8,313019068.5,200600597.2,256367936,1730406817,129892437.6,332026200,210449629.7,250164400.2,261254985.6,319127095,142386053.7,201367792.3,145783290.4,519277872.5,338709707.4,156947161.3,174442369.5,386317494.5,461815745.2,16643475346
11/30/22,2354878708,187573690.9,160357957,125167196.3,152817025.6,984867677.2,230330540,303649051.2,123029891.7,158063641,153902229.2,239341259.3,160250000,204254881.2,354455365.1,199032363.8,178474949,330206072.1,124098890,114502220.8,465378152,405310266.9,275082271.9,352592052.2,339935389.2,199797943,279197807.5,1901934241,135966960.6,416305800,223862663,255578796.6,281395481,353464004.5,154508633.3,219716043.1,163780443.1,511799008.2,353312673,163708866.7,182713043.5,413704156,458530742.6,17282229198
12/30/22,2066941772,191426989.5,156452797,104432298.1,140139188.6,856938936,233716340,265702947.8,124669180,150859321.1,147036378,202613416.5,132590000,195710026.9,347068864.1,193215939.5,158433673,321920090,109076610,109341628.5,461848598.6,393342790.5,275082271.9,361129444.2,331665917.2,193015696.7,281302186.2,1787731715,131227497.6,359504400,220391720.2,248896907.9,287626260.6,359151277.3,156895944.4,215978415.2,149949045.8,495373152.8,338268391.4,165472789.8,157335173.4,382379272,454247717.9,16050065091
Grand Total,1.52474E+11,17229364521,14099712793,5180998049,16151347193,90853740787,12187903399,32147345333,10914172471,21510996202,12258904339,14305187758,13158846343,24643139438,32971939789,12910034544,25529829771,27627824802,26103427791,7628723155,47782774788,43121809036,29910639278,16828561520,24825687026,18801743189,26013381766,1.20925E+11,12861689701,19590912138,27595989525,23977913951,31704122593,37570175988,21186875027,13281790801,12716490915,28160902668,28701463691,28441909030,32528313833,42279047831,53321247866,1.44545E+12