Time,AAPL,ABBV,ABT,ADBE,AMD,AMGN,AMZN,AVGO,BAC,CAN,CAT,CMCSA,COP,COST,CRM,CSCO,CVX,DHR,DIS,FB,GOOGL,HD,INTC,INTU,JNJ,JPM,KO,LIN,LLY,MA,MCD,META,MRK,MSFT,NFLX,NVDA,ORCL,PEP,PFE,PG,PM,TMO,TSLA,TXN,UNH,V,VZ,WFC,WMT,XOM
1/29/10,-0.088591196,0,-0.012354163,-0.121805329,-0.229338843,0.033763479,-0.067722272,-0.049753964,0.007968127,0,-0.076944199,-0.055862886,-0.06011357,-0.029406794,-0.138538701,-0.061403509,-0.063254968,-0.051196809,-0.08372093,0,0,-0.031800899,-0.049019608,-0.036446469,-0.024064586,-0.064424344,-0.048245614,0,-0.014281714,-0.02317885,-0.000160154,0,0.044882321,-0.075459318,0.129969141,-0.176124197,-0.058071701,-0.019407895,0.025838373,0.022563197,-0.055613198,-0.032291885,0,-0.132112945,0.082677165,-0.062085525,-0.09876856,0.053353094,-0.000374181,-0.05514005
2/26/10,0.065379589,0,0.025311674,0.072755418,0.060321716,-0.031976744,-0.055896659,0.044303797,0.097496706,0,0.092075038,0.038534428,0.010231226,0.064870947,0.069236821,0.082777036,0.012095857,0.036720392,0.057191201,0,0,0.113887897,0.066716628,0.092874029,0.009923321,0.077812018,-0.028202765,0,-0.010442108,-0.102160864,0.031482816,0,-0.03404924,0.022053491,0.061044177,0.052631579,0.068950564,0.047802751,-0.050393554,0.02810723,0.076246979,0.056771398,0,0.083555556,0.026060606,0.041173363,-0.016655337,-0.036631075,0.011978289,0.015431358
3/31/10,0.148470335,0,-0.029476787,0.020779221,0.17193426,0.057012895,0.146706081,0.13292011,0.072083079,0,0.101665206,0.145377129,0.066041667,-0.020665901,0.095658572,0.069872585,0.048824343,0.080868725,0.117477593,0,0,0.044591232,0.085728203,0.060568603,0.034920635,0.066237789,0.051811315,0,0.054746651,0.132058653,0.044949099,0,0.023179033,0.021538193,0.116426949,0.074074074,0.043002028,0.066517255,-0.022792023,-0.000158028,0.0767028,0.054746771,0,0.00369155,-0.035144714,0.067424953,0.072243346,0.138258961,0.034096759,0.030461538
4/30/10,0.111021277,0,-0.020680072,-0.050042409,-0.021574973,-0.042239398,0.009795978,-0.002553191,-0.001120448,0,0.0901131,0.055192257,0.15673246,-0.010550996,0.149764943,0.03457549,0.073981274,0.054686522,0.055285019,0,0,0.089026275,0.024674742,0.054487179,-0.013803681,-0.047438601,-0.028181818,0,-0.03451132,-0.022891617,0.058003597,0,-0.06184739,0.042594964,0.341198807,-0.097126437,0.008046109,-0.014207981,-0.025072886,-0.010050629,-0.05904908,0.074650078,0,0.067765724,-0.071393851,-0.008788312,-0.053708842,0.063946015,-0.035251799,0.011794566
5/28/10,-0.016124708,0,-0.070367475,-0.045238095,-0.055126792,-0.096492759,-0.084901532,0.006825939,-0.117218172,0,-0.107651638,-0.084977238,-0.114376699,-0.010700172,0.010864486,-0.139992573,-0.084550031,-0.058139535,-0.092833876,0,0,-0.038887312,-0.055509864,-0.012434374,-0.08501832,-0.070455613,-0.038353601,0,-0.04912886,-0.186542493,-0.044945472,0,-0.038527397,-0.151227019,0.123862487,-0.16359007,-0.127476563,-0.035725238,-0.079571216,-0.017213642,-0.101059495,-0.058248915,0,-0.061130334,-0.040910591,-0.195769554,-0.047750865,-0.132167858,-0.051986709,-0.101775177
6/30/10,-0.020826845,0,-0.016400336,-0.176122195,-0.145857643,0.01583623,-0.129124821,0.019854722,-0.08646484,0,-0.011356155,-0.039800995,-0.053413035,-0.058712446,-0.008205247,-0.079879102,-0.081359144,-0.128558242,-0.057450628,0,0,-0.165158882,-0.091970121,-0.027140459,0.013036021,-0.075037898,-0.01659599,0,0.021652943,-0.01110175,-0.014954389,0,0.049308373,-0.108139535,-0.022492128,-0.222983257,-0.049180328,-0.023517017,-0.063690085,-0.018169913,0.052378921,-0.057817902,-0.002511511,-0.046683047,-0.019038655,-0.023599227,0.018168605,-0.107703032,-0.049248418,-0.056070129
7/30/10,0.022740826,0,0.058850245,0.086643965,0.023224044,0.036692015,0.078985905,0.033238367,-0.022964509,0,0.169135696,0.126964817,0.136212125,0.034287799,0.15299464,0.082590333,0.123047451,0.034752155,0.06952381,0,0,0.015675098,0.059125964,0.14322692,-0.016423976,0.101770565,0.099561053,0,0.062686567,0.053452772,0.058600273,0,-0.014583929,0.121686223,-0.05614358,-0.099902057,0.103940169,0.064971288,0.051893408,0.027712474,0.113438045,-0.085423038,-0.163239614,0.065613324,0.072183099,0.036749117,0.250328668,0.083203125,0.064905346,0.04573331
8/31/10,-0.055004859,0,0.005297474,-0.03551532,-0.251001335,-0.064001467,0.058868437,-0.073988971,-0.112535613,0,-0.065806452,-0.121982537,-0.050525172,-0.000144847,0.110459828,-0.13372345,-0.018949774,-0.054152564,-0.034134758,0,0,-0.015915468,-0.135960529,0.075157233,-0.009217378,-0.097318769,0.01401742,0,-0.043866442,-0.055608456,0.055677894,0,0.020313407,-0.086073227,0.223988298,0.01468988,-0.075930626,-0.011246341,0.072279805,-0.024362328,0.006269592,-0.061078912,-0.023069208,-0.06763872,0.041707718,-0.057978228,0.016173434,-0.149218934,-0.014704387,-0.002334552
9/30/10,0.167215138,0,0.058775841,-0.055956679,0.267379679,0.079741379,0.25819114,0.117121588,0.052361196,0,0.207489257,0.057619187,0.095365249,0.141415929,0.017473608,0.095821866,0.094087473,0.118359076,0.017209588,0,0,0.138749101,0.08689499,0.025095057,0.086636268,0.046754675,0.055137392,0,0.087526049,0.129259931,0.019846701,0,0.057912115,0.04368208,0.291905672,0.252761394,0.229114214,0.042871074,0.079195475,0.005027652,0.103380548,0.136752137,0.0474846,0.178974805,0.110884206,0.076543926,0.103623434,0.066454352,0.067411249,0.045339198
10/29/10,0.060722467,0,-0.009482949,0.076481836,0.03164557,0.037742696,0.052018337,0.096401599,-0.126197291,0,0.004554938,0.146895388,0.043551463,-0.023502614,0.038193202,0.043835616,0.019123998,0.067717311,0.091389728,0,0,-0.024621212,0.044270833,0.095183748,0.028728212,-0.010028757,0.04784689,0,-0.036408431,0.072424285,0.043752516,0,-0.013583265,0.08881176,0.070362605,0.028976203,0.096261068,-0.017158338,0.014269074,0.068089388,0.044448411,0.073934837,0.070325901,0.094379778,0.026772999,0.052518179,0.011188717,0.037626916,0.012144993,0.076064088
11/30/10,0.033789621,0,-0.093725643,-0.012433393,-0.006134969,-0.078685085,0.061550566,0.057941653,-0.043584593,0,0.076335878,-0.028629609,0.013176173,0.077106898,0.199448609,-0.161854768,-0.01117653,-0.0025369,0.010657439,0,0,-0.014684466,0.063352133,-0.064401834,-0.026005832,-0.006112145,0.037320172,0,-0.030358674,-0.012621845,0.014662618,0,-0.050674745,-0.046912621,0.186264908,0.132149245,-0.079475834,-0.010260337,-0.054331626,-0.039326726,-0.027687575,-0.010890704,0.617673993,0.075414271,0.013037448,-0.053271798,-0.014470443,0.046101966,-0.001476832,0.052689642
12/31/10,0.036670416,0,0.030101054,0.107194245,0.122085048,0.041943443,0.02622577,0.091050402,0.219343906,0,0.107092199,0.096580983,0.131793252,0.068037273,-0.051860365,0.055845511,0.126960603,0.091098364,0.038575273,0,0,0.160542867,-0.006026232,0.098240143,0.004874086,0.134224599,0.041158778,0,0.040998217,-0.054507868,-0.019667944,0,0.056552609,0.105018311,-0.146673142,0.131604086,0.157330375,0.018223826,0.074233129,0.053381366,0.040086961,0.088478175,-0.246249646,0.022012579,-0.007958701,-0.046987136,0.117775695,0.138919515,0.002577023,0.051178838
1/31/11,0.051959325,0,-0.048682512,0.073749188,-0.042787286,0.003278689,-0.057555556,0.010470744,0.029235382,0,0.040503592,0.039877345,0.049339207,-0.005123944,-0.021666667,0.045477014,0.040328767,-0.023531906,0.036256998,0,0,0.048773531,0.020446981,-0.048073022,-0.033629749,0.060605449,-0.044397142,0,-0.007705479,0.056014895,-0.040255341,0,-0.07963374,-0.006628449,0.218440524,0.553246753,0.024960262,-0.015613041,0.040548258,-0.011418735,-0.022039979,0.034501445,-0.095005633,0.04730145,0.136804209,-0.007530548,0.008923757,0.046143917,0.039681068,0.103391685
2/28/11,0.040934811,0,0.06510186,0.04387292,0.176245211,-0.068082789,0.021516152,0.183908046,0.040786599,0,0.061024637,0.132307692,0.099223868,0.043921624,0.024237262,-0.122458629,0.101027075,0.098567086,0.125289426,0,0,0.019037259,0.008870454,0.120392073,0.037247746,0.03894081,0.017024662,0,0.008069249,0.017124012,0.03570193,0,-0.018088634,-0.035608844,-0.034613229,-0.052675585,0.027162036,-0.013839216,0.067121492,-0.001267226,0.096785465,-0.025318666,-0.008713693,0.050132704,0.03727162,0.047953174,0.03649635,-0.003414649,-0.072944534,0.065735267
3/31/11,-0.013313609,0,0.01975052,-0.03884058,-0.066232356,0.041301383,0.039471406,-0.082548756,-0.066505356,0,0.081803167,-0.040372671,0.025555413,-0.019655034,0.009903984,-0.072790825,0.036048193,0.026090259,-0.01486054,0,0,-0.00426648,-0.060083838,0.010079878,-0.035644531,-0.012636539,0.04538635,0,0.017650463,0.046391753,0.005417548,0,0.025276354,-0.044770504,0.15052983,-0.185348632,0.01618541,0.023355577,0.055613306,-0.022997621,0.055959519,-0.004836976,0.16157388,-0.029486099,0.064493758,0.007802875,0.043878657,-0.014867412,0.008285945,-0.016368526
4/29/11,0.004655567,0,0.071052556,0.011761158,0.058139535,0.063610851,0.087048243,0.075884244,-0.078769692,0,0.04067331,0.064997209,-0.012146256,0.103246045,0.037580476,0.021574344,0.018141222,0.064354528,0.000232072,0,0,0.002428494,0.147175421,0.046130672,0.109198312,-0.004855323,0.016882725,0,0.052317316,0.096638653,0.029175976,0,0.08906392,0.02087436,-0.021490453,0.083423619,0.077510287,0.069554417,0.032496307,0.062211307,0.05805272,0.079927993,-0.005405405,0.031826587,0.089159292,0.061124694,-0.00709397,-0.081993062,0.056292027,0.04576251
5/31/11,-0.006568989,0,0.004035357,0.03219076,-0.046153846,0.064907652,0.004494152,0.009862522,-0.043159609,0,-0.083268348,-0.037008775,-0.063446308,0.022651642,0.098556999,-0.04109589,-0.033945937,-0.012853005,-0.034106729,0,0,-0.023418573,-0.020148317,-0.028617711,0.032798048,-0.052377822,-0.009635339,0,0.053027833,0.040450904,0.049028248,0,0.022253129,-0.028811829,0.163880174,0.002,-0.048387097,0.032370446,0.032815993,0.032357473,0.033266129,0.091015169,0.092028986,-0.006473403,-0.005687589,0.03957973,-0.022498677,-0.021357249,0.011010018,-0.045764769
6/30/11,-0.034959607,0,0.00708134,-0.091827895,-0.194700461,-0.03617443,0.039656312,0.127608968,-0.06640418,0,0.006238185,0.003961965,0.026905217,-0.015033948,-0.021542099,-0.070833333,-0.019731198,-0.027873523,-0.062214749,0,0,0.005528543,-0.015548645,-0.039095794,-0.011443008,-0.053191489,0.014453852,0,-0.02468815,0.049782268,0.034093696,0,-0.029399462,0.039584166,-0.029948301,-0.204840319,-0.038281707,-0.002446207,-0.03962704,-0.05119403,-0.060655585,-0.016195569,-0.033510285,-0.069971671,0.057233532,0.039476931,0.008123477,-0.010927036,-0.037667512,-0.025038936
7/29/11,0.16328537,0,-0.01583408,-0.118918919,0.050071531,-0.062553556,0.088170571,-0.115,-0.114051095,0,-0.068086109,-0.047946988,-0.034223392,-0.03680453,-0.028661565,0.026979417,0.011474135,-0.073221363,-0.010758197,0,0,-0.035615682,0.00767148,-0.09949865,-0.026007216,-0.006028191,0.010699955,0,0.02051692,0.00682078,0.025616698,0,-0.032870502,0.053846154,0.012562336,-0.132099153,-0.06911683,-0.090728383,-0.065582524,-0.024809835,0.065897858,-0.066780556,-0.032955716,-0.089905481,-0.037805351,0.015191075,-0.039799055,-0.00427655,-0.008091833,-0.01953797
8/31/11,-0.014469371,0,0.023187841,-0.089137495,-0.069482289,0.018420154,-0.0327611,-0.015462385,-0.157569516,0,-0.078854135,-0.104496253,-0.054452007,0.006831258,-0.110289545,-0.018785222,-0.042210509,-0.06719609,-0.118073537,0,0,-0.0372578,-0.089842188,0.056316916,0.024594514,-0.07144623,0.035877077,0,-0.007031931,0.08725474,0.052468938,0,-0.030325227,-0.023069725,-0.116470544,-0.037599422,-0.082079791,0.014131793,-0.003037145,0.035615547,-0.025994099,-0.085871193,-0.121760738,-0.118991597,-0.042514608,0.029190405,0.024794559,-0.061749274,0.016714856,-0.065905712
9/30/11,-0.009120911,0,-0.026090269,-0.042393027,-0.256222548,-0.008031766,0.004646192,-0.007305534,-0.250917993,0,-0.188571429,-0.027429103,-0.069781108,0.045709193,-0.11238835,-0.010848756,-0.063233509,-0.083944104,-0.114503817,0,0,-0.01527861,0.059860904,-0.0383134,-0.032066869,-0.198083067,-0.034499286,0,-0.014396161,-0.038063753,-0.028647274,0,-0.000105956,-0.064285714,-0.51802051,-0.060105184,0.023868899,-0.039267422,-0.068493151,-0.007851759,-0.089256433,-0.078099399,-0.01414713,0.016787486,-0.026012503,-0.024578971,0.017558413,-0.075862069,-0.024252679,-0.018778708
10/31/11,0.06152313,0,0.063045087,0.216797683,0.147637795,0.042030568,-0.012579198,0.030515716,0.116013072,0,0.286236251,0.127130684,0.110797459,0.013636917,0.165295765,0.200087788,0.134571768,0.152837387,0.156498674,0,0,0.089139033,0.150222639,0.134916042,0.010990736,0.16358492,0.01124926,0,0.005139302,0.095365852,0.057276247,0,0.055045872,0.069907593,-0.27535976,0.183053557,0.142509993,0.016962843,0.089366516,0.021032571,0.120070535,-0.007306477,0.204182042,0.159256158,0.040546401,0.087960803,0.01893787,0.074212272,0.092870906,0.075175547
11/30/11,-0.055783389,0,0.012622981,-0.06766406,-0.024013722,0.016178299,-0.099386446,-0.114006515,-0.20204978,0,0.036205801,-0.03326226,0.023977028,0.027517682,-0.110760682,0.005936319,-0.013382313,0.000620476,0.027809633,0,0,0.103685344,0.023885948,-0.008011925,0.014475783,-0.109033372,-0.00896685,0,0.031974168,0.078648773,0.036461272,0,0.036231884,-0.032244692,-0.213815789,0.056081081,-0.043332316,0.024861001,0.052435119,0.009063916,0.091169314,-0.060075592,0.114742935,-0.020501139,0.016253386,0.04223042,0.020281233,0.002798566,0.038434415,0.036163491
12/30/11,0.059654631,0,0.030797434,0.030999271,-0.050966608,0.108789501,-0.099797181,-0.031386304,0.022058824,0,-0.074376788,0.050838112,0.021733034,-0.023212192,-0.143219051,-0.030042918,0.034818129,-0.027178558,0.063875362,0,0,0.071902091,-0.026495383,-0.012208866,0.01328801,0.073619632,0.040755615,0,0.098018494,-0.004618876,0.050355946,0,0.067203617,0.014855356,0.073764141,-0.113243762,-0.181818182,0.03671875,0.078226208,0.033142326,0.039714974,-0.048253968,-0.127672572,-0.032890365,0.042661743,0.047024853,0.063344818,0.065738592,0.020930353,0.053704625
1/31/12,0.127111111,0,-0.02865018,0.094800141,0.242592593,0.057934901,0.12328134,0.176022176,0.282374101,0,0.209728946,0.121045972,-0.063949499,-0.012602016,0.151192588,0.090059122,-0.030827068,0.116284014,0.037333333,0,0,0.055899144,0.089484536,0.076238353,0.005032022,0.129828864,-0.034872088,0,-0.043792108,-0.04586303,-0.012757899,0,0.015119363,0.13751926,0.734738057,0.065656566,0.102246367,-0.010248681,-0.011090573,-0.047500724,-0.047273191,0.176339782,0.017857143,0.11813126,0.021902131,-0.008765882,-0.049071283,0.059869376,0.026773762,-0.012033978
2/29/12,0.18831055,0,0.045429363,0.062681745,0.09538003,0.006462492,-0.075858877,0.108131998,0.119214586,0,0.046645894,0.106282919,0.132446679,0.049046661,0.225684932,0.011962331,0.066347778,0.006094077,0.079434447,0,0,0.071637756,0.025401191,0.024805103,-0.003861592,0.052010724,0.034503184,0,-0.000127858,0.181202014,0.009353784,0,-0.002613013,0.081945521,-0.078785358,0.025727827,0.037043602,-0.033729252,-0.002659341,0.072652284,0.117025545,0.070321361,0.149294806,0.029956763,0.076462638,0.158509812,0.011949018,0.075509093,-0.037157757,0.038649394
3/30/12,0.105283534,0,0.082670906,0.043174217,0.091156463,-0.000588149,0.126996494,0.039727886,0.200752823,0,-0.067332108,0.020574732,-0.007054213,0.055077853,0.079281922,0.0638833,-0.017503666,0.060487629,0.042629197,0,0,0.064210748,0.04594494,0.04011065,0.013521819,0.171763507,0.067095574,0,0.026121305,0.001285714,-0.011885576,0,0.017063574,0.016225583,0.038923508,0.016171617,-0.003247308,0.054178583,0.071952663,-0.006063295,0.070277656,-0.001970933,0.114636336,0.007796102,0.060288104,0.014007046,0.00314878,0.094354537,0.042772685,0.00265896
4/30/12,-0.025969477,0,0.021219061,-0.022150976,-0.082294264,0.046196852,0.145128636,-0.115216833,-0.152560084,0,-0.031070846,0.016630965,-0.057623997,-0.028854626,0.007895929,-0.043383226,-0.006062867,-0.031785714,-0.015303792,0,0,0.029417611,0.009959097,-0.033984663,-0.013038205,-0.059071689,0.031211998,0,0.027939898,0.076199289,-0.006625892,0,0.021875,-0.007440707,-0.30337274,-0.15556999,0.010315728,-0.005275057,0.011260764,-0.045161524,0.010156867,-0.012947854,-0.110365199,-0.044631158,-0.047336274,0.04220339,0.070261904,-0.021236087,-0.037418301,-0.004496714
5/31/12,-0.010702421,0,-0.004350628,-0.074515648,-0.173913043,-0.017346184,-0.081888745,-0.040023202,-0.092452733,0,-0.147416561,-0.047289504,-0.097262398,-0.01706547,-0.109869646,-0.189779211,-0.069126257,-0.041497602,0.060310833,-0.225775402,0,-0.041756387,-0.083289311,-0.030015525,-0.031743119,-0.228711028,-0.020833333,0,0.001119074,-0.1011785,-0.076038994,0,-0.042303772,-0.08220374,-0.208385326,-0.043846154,-0.099659864,0.036130073,-0.035619377,-0.021213074,-0.05585968,-0.092902066,-0.109568367,-0.108328115,-0.006767587,-0.061508875,0.031203566,-0.034564156,0.124821303,-0.083031826
6/29/12,0.010852821,0,0.043372714,0.042512077,-0.057565789,0.048762946,0.072518905,0.089476229,0.11292517,0,-0.030929012,0.111466621,0.071319018,0.099664313,-0.002597028,0.051439069,0.073135998,0.002611332,0.061036972,0.050506757,0,0.07397649,0.031346749,0.055486395,0.082172033,0.077828054,0.053444384,0,0.047863248,0.058055152,-0.009066488,0,0.123114439,0.047961631,0.07952396,0.111826227,0.122024934,0.041414886,0.051668953,-0.016696099,0.04200661,0.031009211,0.060677966,0.007373596,0.052793526,0.073177083,0.067243036,0.043369735,0.059252507,0.088261478
7/31/12,0.045821918,0,0.036588206,-0.046030275,-0.291448517,0.13290358,0.02167725,0.027855153,-0.102689487,0,-0.00199447,0.018142008,-0.014362869,0.012421053,-0.100535223,-0.06670313,0.038672986,0.014016897,0.013195876,-0.301817012,0,-0.015285903,-0.03564728,-0.019876818,0.024570752,0.015981062,0.033380228,0,0.026101142,0.01570516,0.009375353,0,0.057964072,-0.036613272,-0.169891217,-0.020260492,0.018922259,0.029295217,0.045217391,0.062850161,0.047902819,0.072433057,-0.123681687,-0.044636521,-0.126666667,0.044002265,0.027185069,0.011064593,0.067555938,0.014958513
8/31/12,0.093850319,0,-0.011612125,0.012629534,-0.083743842,0.020358808,0.064166309,-0.008943089,0.088555858,0,0.013300083,0.030107527,0.043166789,0.020497416,0.167417176,0.196238245,0.031727706,0.014391214,0.006715507,-0.168217411,0,0.093160763,-0.025564558,0.008962427,-0.017069258,0.031666667,-0.074257426,0,0.031661059,-0.031312275,0.00935804,0,-0.025356577,0.052751278,0.050483729,0.036189069,0.048013245,-0.004124845,0.001633312,0.041059808,-0.023403325,0.030177834,0.040116703,0.066079295,0.062830299,-0.004659338,-0.048737262,0.013054305,-0.019369168,0.011677417
9/28/12,0.002803499,0,0.046078731,0.037256156,-0.094086022,0.004408961,0.024368631,-0.042284453,0.106521517,0,0.008320638,0.066060245,0.006867406,0.023398386,0.051728888,0.000786164,0.039229672,0.029961817,0.056802102,0.19946838,0,0.063788546,-0.08759565,0.005807995,0.021948688,0.089929995,0.021058304,0,0.055666889,0.067580988,0.025254218,0,0.057354028,-0.034393251,-0.088412592,-0.049180328,-0.00600316,-0.015577595,0.041492037,0.032296473,0.016670537,0.028030144,0.026647966,-0.051136364,0.024547326,0.047017544,0.061248253,0.014692918,0.016528926,0.047537228
10/31/12,-0.107606749,0,-0.037613749,0.049021119,-0.391691395,0.026100368,-0.08425173,-0.052631579,0.055492639,0,-0.008378264,0.054618883,0.023508545,-0.017272364,-0.043945249,-0.095459444,-0.054214997,-0.062012693,-0.060443764,-0.025392428,0,0.016730164,-0.045243876,0.012148427,0.027717312,0.037204065,-0.019773267,0,0.025732968,0.021575592,-0.053950954,0,0.011863843,-0.040994624,0.45553637,-0.102323838,-0.010140463,-0.02161933,0.000804829,0.006345723,-0.015343562,0.03790583,-0.039228142,0.027036835,0.010647897,0.033363122,-0.009685745,-0.024326672,0.016531165,-0.003061782
11/30/12,-0.012195884,0,-0.007633588,0.01719324,0.073170732,0.031017664,0.082256194,0.0626703,0.057939914,0,0.005070157,-0.008794137,-0.015730337,0.058849017,0.080079463,0.111089706,-0.03286164,0.043301759,0.010993485,0.326385599,0,0.064908979,-0.086150217,0.008076729,-0.006756696,-0.014395393,0.026827437,0,0.018913216,0.060204369,0.011692356,0,-0.029147491,-0.059531489,0.031178934,0.006107153,0.03523166,0.014009243,0.015188455,0.008521086,0.014905149,0.040779561,0.202215318,0.049127803,-0.02875,0.081457293,-0.011648746,-0.013634061,-0.039989336,-0.026985396
12/31/12,-0.090737937,0,0.007692308,0.088702687,0.090909091,-0.029279279,-0.004681611,-0.093719009,0.178610489,0,0.057357231,0.008902989,0.018440464,0.0175951,0.066150821,0.039101005,0.023181001,0.03623425,0.017945224,-0.049296429,0,-0.04948517,0.053922821,-0.007254215,0.005306181,0.070328627,-0.044040084,0,0.005709625,0.005320455,0.013442096,0,-0.066804726,0.003558144,0.133153837,0.024227235,0.124268259,-0.01783748,0.002370104,-0.027781756,-0.059980141,0.005938096,0.001478415,0.048184595,0.001175943,0.012490816,-0.019265639,0.035443805,-0.047368418,-0.018039483
1/31/13,-0.144093959,0.05704897,0.177196702,0.003980892,0.083333333,-0.008584687,0.058317057,0.13014521,-0.024978467,0,0.097998516,0.019271949,0.000172444,0.036564367,0.023973825,0.046851303,0.064823377,0.072093023,0.082145009,0.163837308,0,0.081972514,0.020368574,0.051730576,0.054493581,0.07725777,0.027310345,0,0.088605028,0.055812057,0.080263009,0,0.056424035,0.027716522,0.78464197,0,0.065726291,0.064591553,0.097239295,0.116057903,0.054041129,0.131075572,0.107469737,0.077780364,0.017883481,0.041760127,0.019900485,0.026301906,0.025208852,0.039514731
2/28/13,-0.025449064,0.006268738,-0.002656434,0.03912239,-0.042307692,0.077190435,-0.004632768,-0.043332401,-0.00707261,0,-0.06118508,0.044905462,0.010523135,-0.00758363,-0.016905827,0.013855129,0.025294139,0.027865843,0.013177431,-0.12042865,0,0.023610281,0.002938678,0.033472267,0.037863636,0.039744952,0.039742213,0,0.027401497,-0.001118827,0.014496457,0,-0.012023121,0.021056129,0.138223191,0.038887299,-0.035764573,0.047488883,0.00329912,0.013571048,0.040721416,0.023010812,-0.071447614,0.040749698,-0.031878283,0.00676494,0.06695712,0.00717772,0.011865618,0.001760549
3/28/13,0.002854554,0.104550379,0.045279669,0.106970237,0.024096386,0.119716002,0.008400499,0.054699493,0.084594835,0,-0.058460539,0.055038955,0.037100949,0.047586139,0.056789978,0.001918005,0.014255228,0.00933645,0.040483605,-0.061284404,0,0.024301504,0.045737548,0.018489793,0.071212718,-0.029844644,0.051999565,0,0.038968167,0.045015643,0.039520334,0,0.044377231,0.028956835,0.006380264,0.01342812,-0.05578271,0.044080771,0.054439167,0.011551588,0.019823435,0.038452795,0.087855297,0.030556524,0.074521018,0.070600101,0.056307758,0.054446978,0.064023513,0.00625349
4/30/13,0.000271088,0.139685848,0.04922665,0.03596461,0.105882353,0.016583748,-0.047581523,-0.109749304,0.010673235,0,-0.020153978,-0.011562101,0.005823627,0.021864103,-0.080467483,0.009285974,0.026847332,-0.019469027,0.106338028,0.085574668,0,0.051160791,0.096862835,-0.089265675,0.045382068,0.039271626,0.046735905,0,-0.024828315,0.0229595,0.024576186,0,0.063348416,0.15714036,0.141536348,0.073265783,0.013918961,0.042472507,0.007276507,0.00400688,0.03106461,0.054778402,0.424914225,0.028570523,0.047544136,-0.008125294,0.108274183,0.02676399,0.038620874,-0.012429253
5/31/13,0.022489781,-0.072964169,-0.006771398,-0.048136646,0.418439716,-0.031112802,0.060635909,0.180538173,0.109666937,0,0.013345931,-0.02748184,0.025397395,0.013854445,0.029676478,0.152724665,0.014243803,0.014440433,0.003819223,-0.12319493,0,0.072392638,0.023298748,-0.020120724,-0.0048449,0.113854315,-0.055279943,0,-0.031667889,0.031324037,-0.047033153,0,-0.006382979,0.061613219,0.047114361,0.056117497,0.030506406,-0.020613556,-0.055470604,-0.000130259,-0.048959096,0.094447199,0.810705686,-0.008285004,0.045052561,0.059381619,-0.100723428,0.075997496,-0.031272282,0.023666978
6/28/13,-0.118303001,-0.031623331,-0.048813744,0.061757166,0.02,-0.018601413,0.03153789,-0.00367008,-0.057845952,0,-0.038578089,0.039462218,-0.013694164,0.008565096,-0.098039216,0.009122953,-0.03592668,0.024344553,0.001109702,0.021849844,0,-0.010116004,-0.002059308,0.044490075,0.019957234,-0.032973072,0.009953962,0,-0.07599699,0.007452872,0.025163094,0,0.003575659,-0.01017192,-0.067005525,-0.029716655,-0.090882179,0.019705627,0.028644877,0.002996352,-0.037826651,-0.03987843,0.098199673,-0.02951824,0.050068739,0.025878523,0.038366337,0.017755857,-0.004676644,-0.001326407
7/31/13,0.141225128,0.110196715,0.054328764,0.037752414,-0.075980392,0.097607946,0.084734776,-0.018726592,0.135303266,0,0.012126698,0.084938868,0.083394226,0.061951705,0.145887899,0.058917905,0.063799223,0.063823065,0.023752969,0.479099678,0,0.020136827,-0.036937681,0.050009252,0.088982064,0.063290152,-0.000747943,0,0.081229642,0.063926388,-0.009292929,0,0.037029064,-0.078303662,0.158197925,0.028133903,0.057450458,0.021396259,0.052124241,0.050825785,0.029554375,0.076568593,0.250745156,0.132404043,0.112553451,-0.031409029,-0.007191279,0.054034408,0.046314942,0.037631433
8/30/13,0.083772074,-0.063104661,-0.09009009,-0.032360406,-0.132625995,0.010436207,-0.067193413,0.049890949,-0.032876712,0,-0.00446267,-0.066326531,0.022201665,-0.044791383,0.122971429,-0.089097304,-0.035415864,-0.027027027,-0.059087394,0.122119565,0,-0.057446539,-0.048822173,-0.006101377,-0.068929737,-0.093307016,-0.04740519,0.040247678,-0.023568809,-0.007418811,-0.030118868,0,-0.018268632,0.056480822,0.161262087,0.026948158,-0.015146832,-0.045606895,-0.034895655,-0.030012453,-0.064364207,-0.025024695,0.258564194,-0.025012762,-0.015236788,-0.012808721,-0.04244139,-0.049084683,-0.057950577,-0.063837037
9/30/13,-0.021481232,0.049753579,-0.00420042,0.135300546,0.165137615,0.027400404,0.112677059,0.125083591,-0.021980392,0,0.010419191,0.076502732,0.04841629,0.029498525,0.056584572,0.005190905,0.008884829,0.058377804,0.06016768,0.216399477,0,0.023631238,0.042811647,0.043758854,0.003240366,0.022956659,-0.000630673,0.207738095,-0.020817121,0.110051478,0.019605765,0,0.015792647,-0.003592814,0.089112747,0.054915254,0.041117389,0.004230352,0.018255938,-0.029528823,0.048911575,0.039083405,0.144201183,0.054712042,0.001905547,0.095631235,-0.014879696,0.005842259,0.013428337,-0.012849931
10/31/13,0.096385947,0.092650474,0.105818336,0.043896804,-0.12335958,0.037659147,0.16437436,0.054549675,0.012318841,0,0.006505966,0.055081458,0.065196973,0.024572371,0.027932961,-0.030129921,-0.012674897,0.039959608,0.063575748,-0.000497711,0,0.026895188,0.067579949,0.080040118,0.068289307,0.004371981,0.044614572,0.21094135,-0.010133121,0.066836065,0.003222118,0,-0.052910164,0.063852163,0.042915818,-0.023843188,0.013598067,0.057735849,0.068233246,0.076465196,0.029218155,0.061096039,-0.172881005,0.052055964,-0.046781176,0.029147043,0.094618772,0.033155857,0.037723094,0.041608554
11/29/13,0.070066317,0,0.044870041,0.04721505,0.089820359,-0.013641184,0.08128451,-0.01540832,0.132426628,0,0.01487524,0.047689076,-0.007227601,0.065641424,-0.0238006,-0.058067376,0.029210473,0.037591899,0.0284298,-0.06363908,0,0.03569136,-0.016623581,0.039490267,0.029218355,0.110205666,0.022744503,0.063899064,0.017800104,0.060953842,0.017225311,0,0.105123087,0.085174223,0.134333912,0.032713202,0.053432836,0.004400048,0.042069075,0.042972136,-0.040170557,0.031397014,-0.204201576,0.021741713,0.09112218,0.036596167,-0.017620273,0.038443868,0.055504886,0.050216617
12/31/13,0.008901757,0.08998968,0.003665881,0.054579077,0.063186813,0,0.013134495,0.187742573,-0.015173097,0,0.073404255,0.045926552,-0.029532967,-0.051104202,0.059512382,0.055529412,0.020173146,0.032421003,0.096450471,0.162497341,0,0.025759096,0.088716443,0.028155732,-0.032431861,0.022020273,0.027867629,0.098316756,0.015531661,0.09811911,-0.003491835,0,0.013561174,-0.018882769,0.00647895,0.026923077,0.084159819,-0.011253952,-0.034667507,-0.033364996,0.029819144,0.105767394,0.181874607,0.021162791,0.014853288,0.094465743,-0.009673519,0.031349387,-0.022947341,0.08258451
1/31/14,-0.107696695,-0.06030707,-0.038188929,-0.011506538,-0.11369509,0.042689341,-0.100554176,0.033255167,0.075786769,0,0.04088085,0.047820649,-0.080679406,-0.055956982,0.096756659,-0.015635107,-0.106316548,-0.036398964,-0.04960733,0.144943183,0,-0.066674763,-0.054517434,-0.037839742,-0.034064854,-0.047171769,-0.084483176,-0.139324277,0.059019608,-0.185922742,-0.02947542,0,0.058341658,0.011494253,0.111796181,-0.019975031,-0.032469855,-0.031106824,-0.007508978,-0.051692847,-0.103179158,0.034036821,0.20595098,-0.027556365,-0.040106242,-0.032557931,-0.012113255,-0.001321586,-0.050959461,-0.089328063
2/28/14,0.057474448,0.034125533,0.085106383,0.1594864,0.081632653,0.047868744,0.009506816,0.129261039,-0.013134328,0,0.032584389,-0.050688705,0.034781935,0.042322652,0.03039815,-0.005020539,0.042367252,0.028229601,0.112932103,0.094134569,0,0.067404034,0.018617043,0.066894198,0.048765988,0.026372832,0.010047594,-0.077296641,0.11382714,0.026955603,0.019014509,0,0.075892014,0.019996288,0.088681504,0.176010645,0.059891599,-0.003608761,0.065210033,0.026624902,0.035449194,0.081639743,0.349484593,0.060377358,0.069037078,0.050657561,-0.009162849,0.030764318,0.000267809,0.051924814
3/31/14,0.019952873,0.009624828,-0.031925591,-0.042109864,0.080862534,-0.005482987,-0.071071527,0.048338672,0.041135573,0,0.024749923,-0.027568195,0.057894737,-0.043835616,-0.084656085,0.028211009,0.03104136,-0.018143083,-0.009157283,-0.120070114,0,-0.029775553,0.042568659,-0.00537428,0.066326531,0.068461809,0.020065612,0.162280702,-0.012581782,-0.038857437,0.030267998,0,0.003995946,0.069955625,-0.210039719,-0.025571273,0.046024035,0.050133908,0.000311429,0.024663107,0.0237248,-0.033352042,-0.148523345,0.048932384,0.064913164,-0.044613614,-0.000210172,0.071520896,0.0297444,0.014646307
4/30/14,0.099396356,0.022389202,0.011950701,-0.061606328,0.019950125,-0.093967894,-0.095833395,-0.014128241,-0.119767442,0,0.066865232,0.034372502,0.056289979,0.035816619,-0.095288142,0.039486159,0.05558826,-0.0216,-0.009117023,-0.007636122,-0.041639939,0.004802224,0.033935074,-0.022988753,0.031151379,-0.072117836,0.055095706,-0.115849057,0.004077472,-0.013876526,0.034173212,0,0.031530738,-0.014393755,-0.085191603,0.031267448,0.002265983,0.028622754,-0.02615193,0.032396273,0.043483572,-0.051896208,-0.002686496,-0.029898219,-0.084766435,-0.061382377,-0.006858745,-0.002010454,0.042915086,0.048423423
5/30/14,0.078719934,0.043202765,0.032782654,0.046198736,-0.02200489,0.043655619,0.027685529,0.112913386,0,0,-0.030075901,0.008500773,0.085215838,0.006031676,0.018973863,0.06533968,-0.013295213,0.068819842,0.0588606,0.058882569,0.068744391,0.009055465,0.032404919,0.046732673,0.008623425,-0.007324044,0.002941898,0.072983355,0.021125736,0.03942896,0.008490031,0,-0.011953552,0.020386193,0.297447522,0.033488991,0.027886497,0.028408429,-0.044262622,-0.021320412,0.036404074,0.025526316,-0.000577228,0.033663366,0.061167377,0.062333907,0.069120479,0.030214548,-0.030953793,-0.011713803
6/30/14,0.027661927,0.038836738,0.022244439,0.121165169,0.0475,0.02051901,0.039129739,0.023947838,0.015848627,0,0.062995207,0.032662835,0.072429322,-0.007412515,0.103553107,0.009341998,0.063197329,0.005087899,0.020592787,0.063033175,0.022776174,0.014978058,0.131039531,0.015638794,0.031145279,0.036890408,0.043256876,0.083929992,0.038590043,-0.038979725,-0.006802721,0,0.007373034,0.018563752,0.054495848,-0.024210526,-0.035459305,0.019011765,0.001687479,-0.027231093,-0.037759447,0.010586644,0.155412235,0.017241379,0.031469351,-0.019177955,-0.020616493,0.035053171,-0.022144067,0.001492092
7/31/14,0.028731303,-0.06555673,0.035314622,-0.042980929,-0.066825776,0.07620174,-0.036301496,-0.037324823,-0.007807417,0,-0.066931047,0.000931446,-0.029380533,0.023739632,-0.065943526,0.022998719,-0.01003447,-0.061602947,0.001632843,0.079655224,-0.008757077,-0.001358696,0.096763754,0.020264745,-0.04329956,0.007821847,-0.072474032,-0.052844037,-0.017854271,0.010712791,-0.061346039,0,-0.019187554,0.03501199,-0.040581026,-0.05609493,-0.000529666,-0.013879561,-0.024426418,-0.008336744,-0.027280275,0.029661017,-0.069815879,-0.026016645,-0.008562691,0.001423758,0.041652227,-0.031582953,-0.019848142,-0.017282479
8/29/14,0.077509375,0.056171188,0.002849003,0.038268647,0.066496164,0.099403931,0.083229496,0.183194004,0.055081967,0,0.082580645,0.018425461,-0.015515152,0.030117407,0.08921659,-0.009512485,0.010124001,0.036951814,0.046576619,0.029869236,0.004848589,0.156462585,0.03745638,0.014761498,0.043403711,0.030865268,0.061847798,-0.096474235,0.049361592,0.022387053,-0.000355476,0,0.059393726,0.059096795,0.129920515,0.116305775,0.028224808,0.049829739,0.024041812,0.074883601,0.043531277,-0.010617284,0.207792208,0.04172973,0.069463294,0.009061476,-0.01190004,0.017674822,0.032731852,0.012281199
9/30/14,-0.017073171,0.044862518,-0.015388258,-0.037691238,-0.182254197,0.007748601,-0.048961774,0.063677684,0.062955271,0,-0.092050976,-0.01309537,-0.05786752,0.03501817,-0.026400406,0.014805922,-0.078254152,-0.006947544,-0.009457054,0.056402032,0.010388763,-0.013764254,-0.002863688,0.05373888,0.02757158,0.013288478,0.029965534,-0.048027444,0.020295784,-0.024930748,0.011630388,0,-0.006587978,0.020471054,-0.05539737,-0.051413882,-0.078256682,0.013594995,0.006124532,0.007580315,-0.013824583,0.0136266,-0.100185391,-0.010170195,-0.000684102,0.003999624,0.003412284,0.008359253,0.012847682,-0.054393726
10/31/14,0.071960298,0.107078742,0.053639264,0.013441249,-0.17888563,0.154634771,-0.05266096,-0.00862069,0.006451613,0,0.031721058,0.029193009,-0.047474451,0.064235557,0.11228924,-0.027810886,0.00527992,0.058173203,0.026395597,-0.051239879,-0.034907632,0.063004142,-0.023262493,0.007102791,0.011164274,0.010809244,-0.018284107,0.077927928,0.022821897,0.134690239,-0.011391203,0,-0.022604588,0.012726488,-0.129460526,0.059078591,0.023247332,0.033086261,0.012850862,0.05011737,0.067266187,-0.033935908,-0.00403824,0.048634022,0.101565217,0.131508647,0.016287075,0.023520339,-0.002615405,0.028282828
11/28/14,0.105965118,0.090450678,0.021105758,0.050770108,-0.003571429,0.023111995,0.10862306,0.082898551,-0.006993007,0,-0.007987378,0.030532972,-0.084268884,0.068370219,-0.06438506,0.129546383,-0.084022766,0.039303483,0.012365944,0.036138152,-0.033088559,0.019278097,0.102565709,0.066583343,0.01087893,-0.005291005,0.077810857,0.00835771,0.034452501,0.042268657,0.041984552,0,0.042457715,0.024794141,-0.117575171,0.077741963,0.086043534,0.040865135,0.049068687,0.036209465,-0.023368161,0.099685294,0.011667356,0.095851792,0.038101252,0.071457102,0.006766169,0.032891533,0.147764521,-0.057111144
12/31/14,-0.071891028,-0.05433526,0.011458099,-0.01330076,-0.043010753,-0.03641643,-0.083540043,0.08078862,0.052918727,0,-0.090159046,0.01700561,0.045255033,-0.002603434,-0.009353599,0.006331404,0.030403233,0.026908202,0.03092188,0.004118404,-0.033547024,0.061092625,-0.025771812,-0.017897092,-0.033995381,0.040226064,-0.058219942,0,0.01277158,-0.012945355,-0.03212478,0,-0.052638042,-0.028445932,-0.014368562,-0.043872198,0.060363122,-0.049051437,0,0.007298463,-0.051746461,-0.029791111,-0.090422051,-0.017548695,0.028754728,0.015531198,-0.075311326,0.006240822,-0.013418872,0.021095648
1/30/15,0.061424171,-0.07065249,-0.000426322,-0.035350757,-0.037453184,-0.044133342,0.142355405,0.022765682,-0.153158189,0,-0.119044165,-0.08018132,-0.088039386,0.008747795,-0.048221211,-0.045607318,-0.086022464,-0.038851943,-0.034292388,-0.027044348,0.012983831,-0.005239592,-0.089556352,-0.055594055,-0.042363967,-0.125469995,-0.02486973,0,0.043629512,-0.046125354,-0.013447172,0,0.061454481,-0.130247578,0.293287667,-0.042144638,-0.065925728,-0.008248731,0.003210273,-0.068087415,-0.01485574,-0.000638519,-0.084573535,0.006021558,0.051043624,-0.027803204,-0.01123804,-0.052900401,-0.010479739,-0.054407788
2/27/15,0.100745875,0.002485501,0.058310992,0.127905319,0.210116732,0.041223345,0.072292895,0.240474339,0.043564356,0,0.03663874,0.117320538,0.046356457,0.129578685,0.229052259,0.119286933,0.050518438,0.059480456,0.144239226,0.040310894,0.046656125,0.098927409,0.013544189,0.124510481,0.030813952,0.126884884,0.051736701,0,-0.018450381,0.098744362,0.079021954,0,-0.028865295,0.093116847,0.074943413,0.153035538,0.046073048,0.055448923,0.107828625,0.009965595,0.033898305,0.03825573,-0.001277014,0.100093545,0.069458824,0.066257112,0.081820171,0.06224222,-0.012355848,0.02044931
3/31/15,-0.031371633,-0.032396694,-0.021954824,-0.065233881,-0.138263666,0.013504945,-0.021201599,-0.002116281,-0.023492755,0,-0.034620024,-0.04480664,-0.045092025,0.030858737,-0.037042375,-0.060149102,-0.015935508,-0.025711729,0.007782475,0.041091554,-0.01409452,-0.004745066,-0.059548872,-0.006862645,-0.018632329,-0.011422977,-0.055892903,0,0.035342739,-0.041495617,-0.014762386,0,-0.010240948,-0.07286203,-0.122591649,-0.051450589,-0.015289822,-0.02744702,0.013694639,-0.037472101,-0.080260079,0.034589963,-0.071653388,-0.027465986,0.044473558,-0.035641886,-0.016582406,-0.007118087,-0.014065611,-0.039981929
4/30/15,0.005786386,0.113748434,0.007110568,0.028671896,-0.156716418,-0.012136378,0.133512497,-0.079540085,0.035087719,0,0.094603041,0.022843988,0.090909091,-0.053129834,0.089956593,0.047411444,0.057915793,-0.03557126,0.036514444,-0.041902329,-0.010690463,-0.058357539,0.040933802,0.037398577,-0.013916501,0.051206422,0.000246609,0,-0.010736407,0.046118387,-0.009133826,0,0.0361865,0.196408806,0.335525211,0.060692951,0.014450046,-0.005229032,-0.024719747,-0.021709692,0.108057879,-0.064463302,0.197489008,-0.046173492,-0.058246682,0.009784437,0.048831281,0.012867647,-0.05106383,0.027882353
5/29/15,0.045312344,0.029848438,0.046962516,0.039836971,0.008849558,-0.005508739,0.017663237,0.266854894,0.035781544,0,-0.017955801,0.012119114,-0.051860951,-0.003215659,-0.000961274,0.016649324,-0.063387542,0.054225696,0.0151766,0.005331979,-0.006286787,0.041503085,0.06646336,0.038074355,0.016867984,0.039835599,0.009861933,0,0.105328609,0.022724753,0.002331998,0,0.022330423,-0.030318484,0.121401617,0.001691872,-0.002980284,0.013772077,0.032737842,-0.014086278,-0.004792141,0.031429026,0.109489051,0.031543996,0.079084381,0.041635919,-0.019825535,0.022542672,-0.04242574,-0.016633754
6/30/15,-0.037265889,0.009010362,0.009876543,0.024276141,0.052631579,-0.017534878,0.011322601,-0.099696422,0.034561564,0,-0.005860291,0.033025434,-0.035646985,-0.052808752,-0.042886598,-0.06311839,-0.063398058,-0.006889844,0.034157833,0.08302816,-0.009682388,0.002670686,-0.117382472,-0.032453193,-0.026762532,0.030100334,-0.034354482,0,0.058174905,0.013223499,-0.00896487,0,-0.057893328,-0.05783184,0.052687242,-0.091278807,-0.073350195,-0.024908722,-0.035107914,-0.001913509,-0.023048349,0.002153256,0.069617225,-0.078862661,0.019143418,-0.022277228,-0.0572411,0.005003574,-0.044971052,-0.023474178
7/31/15,-0.03288818,0.049608953,0.037788961,0.012097272,-0.195833333,0.15027358,0.235112534,-0.058602272,0.05052879,0,-0.064456021,0.037745261,-0.169038694,0.075818155,0.052707166,0.042906618,-0.082823676,0.069751139,0.057367426,0.096134787,0.217502407,0.053090975,-0.048167023,0.052154967,0.028216704,0.017901024,0.047157787,0,0.012217032,0.043709686,0.050383928,0,0.035657825,0.057757644,0.218025999,-0.007956241,-0.005230386,0.032247697,0.075454817,-0.011643287,0.066857927,0.075292848,-0.007865504,-0.023099668,-0.004918033,0.121965748,0.015715074,0.02898293,0.014803327,-0.047956731
8/31/15,-0.066205313,-0.108555921,-0.106529888,-0.041712404,-0.062176166,-0.136467117,-0.043383382,0.006632572,-0.086129754,0,-0.027851965,-0.097420285,-0.023639253,-0.03350024,-0.053751705,-0.089373681,-0.072884237,-0.049584972,-0.151,-0.048718221,-0.014722433,-0.004870546,-0.006037313,-0.189278623,-0.054808907,-0.064643222,-0.042843233,0,-0.019715732,-0.05164271,-0.040064714,0,-0.086668928,-0.061982714,0.006298662,0.13157721,-0.071357036,-0.035495589,-0.099504734,-0.078617992,-0.066994037,-0.101483552,-0.064211911,-0.042817127,-0.046952224,-0.052079309,-0.016670229,-0.072457242,-0.094728055,-0.041171522
9/30/15,-0.021816247,-0.128184586,-0.111945242,0.04645539,-0.049723757,-0.088680986,-0.001949736,-0.004451045,-0.043503778,0,-0.144950288,0.009763891,-0.024211597,0.032274188,0.001009227,0.014296754,-0.026052599,-0.019248449,0.00314095,0.005255507,-0.014587385,-0.003154494,0.056061668,0.034985423,-0.006703554,-0.048829953,0.029176568,0,0.01627201,-0.024358558,0.036939592,0,-0.074899257,0.017003676,-0.102321134,0.096530249,-0.026152602,0.022521158,-0.025139665,0.01797085,0.006960263,-0.023456622,-0.002649964,0.035117057,0.007035788,-0.023001403,-0.054336014,-0.03712732,0.001699367,-0.011828814
10/30/15,0.083408885,0.104842996,0.120406678,0.078326441,0.23255814,0.143580104,0.222723632,-0.015038797,0.077021823,0,0.128869673,0.105530585,0.127289633,0.093726223,0.119256805,0.108017693,0.152129817,0.095059265,0.112915851,0.134260289,0.155113805,0.07056888,0.123424021,0.101423539,0.082271023,0.061421857,0.05558325,0,-0.025331581,0.100270802,0.13924693,0,0.106701761,0.189335743,0.049583575,0.150912779,0.079538023,0.083669141,0.076727157,0.071282074,0.114332535,0.069512594,-0.16694847,0.152814419,0.015257305,0.11369509,0.091336269,0.054333009,-0.117211598,0.112844654
11/30/15,-0.005784661,-0.023509656,0.002678571,0.031581322,0.113207547,0.023789055,0.062150503,0.059449362,0.038736591,0,-0.004658172,-0.028106036,0.0131209,0.02348098,0.025479346,-0.055459272,0.01659858,0.033008252,-0.002373835,0.022261449,0.034527184,0.082821093,0.034092063,0.028430668,0.009412304,0.037821012,0.014071941,0,0.012043223,-0.010809173,0.024939462,0,-0.030186608,0.039501879,0.137940579,0.122226197,0.003347065,-0.019864957,-0.023099825,-0.020162346,-0.011425339,0.05826579,0.11274344,0.024682652,-0.043046358,0.020226503,-0.030503413,0.024724284,0.027952481,-0.00426134
12/31/15,-0.110228233,0.018744626,-0.000222618,0.027115679,0.216101695,0.007635009,0.016681709,0.116089565,-0.031683406,0,-0.064556091,-0.07279001,-0.136170213,0.000495602,-0.016187727,-0.003486239,-0.014892685,-0.034998916,-0.068003968,0.004029163,0.019872845,-0.007839616,-0.009203336,-0.036926148,0.014618728,-0.00974805,0.007977475,0,0.027059971,-0.005718954,0.03486335,0,0.005204865,0.020791168,-0.072569529,0.039092055,-0.062612266,0.004648634,-0.014952701,0.061063602,0.017795978,0.026073343,0.042343438,-0.056951136,0.048176737,-0.018478674,0.016941694,-0.013430127,0.050556984,-0.04543228
1/29/16,-0.075242257,-0.06294007,-0.151763198,-0.051202895,-0.233449477,-0.059138791,-0.131515483,-0.078815019,-0.15983363,0,-0.072388448,-0.008323329,-0.162989934,-0.064272446,-0.131887755,-0.116952054,-0.03879502,-0.067075797,-0.088123335,0.072138353,-0.021413607,-0.049073724,-0.099564586,-0.007115036,0.016744548,-0.092662338,-0.000931099,0,-0.061239022,-0.083697542,0.04773997,0,-0.040704279,-0.00702956,-0.197062424,-0.111347087,-0.001851912,-0.006204964,-0.055452292,0.037704668,0.023888067,-0.069016567,-0.203366526,-0.027123195,-0.021081265,-0.039458414,0.094552877,-0.075974982,0.082544861,-0.001282874
2/29/16,-0.001330548,-0.005282332,0.023513871,-0.044653876,-0.027272727,-0.061835941,-0.058739353,0.001944507,-0.1145686,0,0.087724936,0.036259199,-0.127551389,-0.004530509,-0.004554805,0.100462379,-0.022866711,0.030236584,-0.00313087,-0.047143748,-0.057962829,-0.013040712,-0.037646183,0.011831222,0.014626201,-0.053781513,0.004892824,0,-0.083406677,-0.023699876,-0.046041458,0,-0.00907835,-0.069912502,0.017094948,0.074598839,0.012944093,-0.01490433,-0.017054772,-0.017137961,0.011332074,-0.021732546,0.003817992,0.001700359,0.034213268,-0.026302863,0.015209125,-0.058537869,-0.000301386,0.038929199
3/31/16,0.127210673,0.045962278,0.079762519,0.101585437,0.331775701,0.05376722,0.074422645,0.15704525,0.083898574,0,0.130576071,0.058028755,0.190363583,0.050323269,0.089741697,0.087471352,0.143336529,0.064410015,0.039677554,0.067153012,0.06369036,0.080861557,0.093274755,0.076262417,0.028419352,0.051865009,0.083914088,0,0.000138889,0.087206627,0.072446454,0,0.06288573,0.085495283,0.094422439,0.136160714,0.112289288,0.055123174,-0.001011122,0.025158799,0.089140337,0.097155086,0.197155213,0.082987552,0.086752349,0.056499517,0.066035876,0.030690537,0.040052878,0.042919526
4/29/16,-0.139921094,0.078233952,-0.06446784,0.004477612,0.245614035,0.055826052,0.111094266,-0.056634304,0.076923077,0,0.025356655,-0.000785844,0.186739508,-0.057182337,0.02668292,-0.025500727,0.071069182,0.019924099,0.039774444,0.030499562,-0.072119544,0.003447501,-0.063987635,-0.02717652,0.035859519,0.075138969,-0.034274628,0,0.0488821,0.028407321,0.00644494,0,0.036477036,-0.097048705,-0.119338746,-0.002806624,-0.02205031,0.004683841,0.103576248,-0.0186603,0.000101926,0.018786637,0.047830439,-0.000186055,0.021567106,0.009937238,-0.048118279,0.033498759,-0.023653088,0.057542768
5/31/16,0.071799336,0.031639344,0.018766067,0.055720654,0.287323944,0.004338329,0.095817099,0.059073756,0.015796703,0,-0.067035512,0.041803818,-0.078413983,0.004320529,0.104353562,0.056747908,-0.001050547,0.016640827,-0.03912454,0.010460963,0.057877041,-0.008066323,0.052349927,0.057191,0.012583468,0.032753165,-0.004464286,0,1.9137E-05,-0.011238272,-0.035022531,0,0.025893508,0.070337818,0.139286904,0.318278862,0.008529854,-0.017385392,0.07043511,0.011482776,0.005707297,0.052131716,-0.072811098,0.062412342,0.015112394,0.023860309,-0.000785238,0.022685494,0.06644088,0.015517799
6/30/16,-0.042659724,-0.016208486,-0.008074691,-0.036996079,0.124726477,-0.036720481,-0.009919894,0.00991533,-0.099753207,0,0.045510964,0.02985782,-0.00433889,0.055589164,-0.051367817,-0.012392427,0.037920792,0.028505775,-0.014110058,-0.038128104,-0.060519463,-0.033530124,0.038303261,0.046409151,0.076404295,-0.04795465,0.024251771,0,0.049580168,-0.081751825,-0.00684988,0,0.032390638,-0.034528302,-0.108121283,0.006207192,0.018159204,0.054906355,0.014697406,0.044792695,0.041232258,-0.025451344,-0.049052547,0.033828383,0.061142668,-0.06042564,0.097053045,-0.066837539,0.031647358,0.053021793
7/29/16,0.090062762,0.07919316,0.145439375,0.021609771,0.33463035,0.130660532,0.06035326,0.042342342,0.091936699,0,0.102207642,0.03594568,-0.05805826,0.064824249,0.030096965,0.073899986,-0.022417247,0.05004285,-0.012039953,0.084529226,0.124813441,0.082621975,0.062804878,-0.002971637,0.032399011,0.037515837,-0.037502758,0,0.052571429,0.083901915,-0.022353332,0,0.018226002,0.107680281,-0.002514211,0.214635184,0.006368453,0.02812913,0.047713718,0.018797906,-0.014353126,0.074986465,0.106039194,0.119352,0.014164306,0.052312256,0.002264752,0.013522079,-0.000684744,-0.051098784
8/31/16,0.023618063,-0.032160652,-0.061005587,0.045473125,0.078717201,-0.005789053,0.013639778,0.089146808,0.119047619,0,-0.009787337,-0.029591078,0.005634493,-0.028086225,-0.029095355,0.029806747,-0.008266656,-0.000368369,-0.015528921,0.017589156,-0.001882882,-0.024811177,0.037362296,0.004144518,-0.04067611,0.055182117,-0.004584002,0,-0.056071773,0.014594708,-0.009330094,0,0.070405728,0.020115126,0.067945205,0.07621944,0.004385965,-0.013014139,-0.048635551,0.020095806,-0.003291442,-0.041866029,-0.097022872,-0.003010753,-0.049930168,0.038310108,-0.055585634,0.0674547,-0.014347964,-0.011845575
9/30/16,0.065504241,-0.016068643,0.006425512,0.060893363,-0.066216216,-0.019110902,0.088603151,-0.019218856,-0.030359356,0,0.083221477,0.016549188,0.058952497,-0.059102967,-0.10186351,0.008905852,0.023265063,-0.03554551,-0.016938387,0.017047257,0.017990758,-0.040560692,0.051825021,-0.012920592,-0.010139098,-0.013481481,-0.0174918,0,0.032282958,0.05319259,-0.002593809,0,0.001345203,0.002436478,0.01128784,0.117052494,-0.047064532,0.018922717,-0.026724138,0.027946398,-0.016913251,0.046221005,-0.037639734,0.009203336,0.03379784,0.022249691,-0.006688324,-0.128346457,0.009518477,0.00160661
10/31/16,0.004334365,-0.107350012,-0.066234087,-0.009489589,0.046309696,-0.15376776,-0.056717345,-0.012984002,0.054313099,0,-0.051460811,-0.064262226,0.005468382,-0.030424234,0.053694098,-0.024803539,0.017780801,0.002041077,-0.001830713,0.02120527,0.00726314,-0.051834007,-0.076291391,-0.008450078,-0.018115635,0.047592299,0.001890359,0,-0.079990032,0.053538098,-0.02418516,0,-0.05912514,0.040277778,0.267072552,0.038528897,-0.018103965,-0.014434127,-0.063773251,-0.025299591,-0.008023041,-0.075631837,-0.030877812,0.009546879,0.0095,-0.002297461,-0.064013638,0.039069557,-0.029118136,-0.045371219
11/30/16,-0.021546759,0.089996414,-0.029816514,-0.043716864,0.232365145,0.027585366,-0.049694867,0.001233263,0.284545455,0,0.144979631,0.1243934,0.116685846,0.018271548,-0.04204364,-0.028031291,0.07562765,-0.004837683,0.069371022,-0.095961524,-0.042005186,0.066214481,0.002750226,0.045429465,-0.033780113,0.157522379,-0.04025482,0,-0.085089967,-0.045038311,0.067771318,0,0.042064033,0.012336589,-0.063025547,0.297602066,0.046069755,-0.059211754,0.023695995,-0.05,-0.084612194,-0.047065225,-0.042128155,0.051156013,0.124637374,-0.060970632,0.037422037,0.159845887,0.00585547,0.056979057
12/30/16,0.047955121,0.029934211,0.008930917,0.001361735,0.272727273,0.01485389,-0.000932625,0.04278913,0.046401515,0,-0.029510255,-0.002661488,0.033388293,0.066617814,-0.049166667,0.013413816,0.055037648,-0.002628425,0.059385974,-0.028458031,0.021356395,0.036166924,0.045244957,0.008180859,0.035130279,0.076337782,0.027509294,0,0.09579857,0.010273973,0.020541628,0,-0.030596678,0.031198141,0.058119658,0.157700651,-0.043294352,0.045254745,0.010578718,0.019645889,0.048244885,0.008101243,0.128247096,-0.012985256,0.010864073,0.009053285,0.069739479,0.04138322,-0.011649604,0.033906071
1/31/17,0.047746503,-0.01389834,0.094492348,0.101311316,-0.085537919,0.071609329,0.098163682,0.128585167,0.024434389,0,0.039995937,0.092251991,-0.027522936,0.023983511,0.155419223,0.025326124,-0.053950722,0.078108941,0.061696411,0.132724902,0.035005363,0.026103819,0.015164047,0.037649457,-0.017012412,-0.013820748,0.00265316,0,0.047314752,0.031948115,0.00698324,0,0.052998131,0.040392662,0.136591276,0.022859284,0.047231991,-0.008123865,-0.023091133,0.050077872,0.050715925,0.080014174,0.178950817,0.041853427,0.012871782,0.060112792,-0.071910508,0.022137543,-0.03443287,-0.070573898
2/28/17,0.133742658,0.011945672,0.079243476,0.043746693,0.394406943,0.134419456,0.026181571,0.057293233,0.090106007,0,0.01045369,-0.007690268,-0.019249035,0.083582835,0.028445006,0.112630208,0.020025218,0.01942326,-0.005061003,0.040055249,0.030163743,0.053278093,-0.009839169,0.05785124,0.086151086,0.070778684,0.009381766,0,0.082223801,0.038841343,0.04915465,0,0.06259074,-0.004386134,0.010091678,-0.069350887,0.061829968,0.063596069,0.086188317,0.039611872,0.137522105,0.034713564,-0.007700552,0.014297061,0.020234423,0.06523702,0.012650479,0.034500078,0.062780941,-0.021712633
3/31/17,0.048689685,0.053686934,-0.014862467,0.09962819,0.006224066,-0.070582904,0.049110101,0.042831288,-0.041354038,0,-0.04034761,0.004543025,0.0483498,-0.05356135,0.014013522,-0.011117613,-0.0456,0.001400968,0.029975475,0.048030102,0.003396731,0.019425416,-0.00359116,-0.075334821,0.019147369,-0.030677555,0.020343406,0,0.015698587,0.018196632,0.015354485,0,-0.028305286,0.029384183,0.039963414,0.07341348,0.047428974,0.020357918,0.002637749,-0.013396289,0.041925865,-0.024956436,0.11324453,0.051422605,-0.004592555,0.010575392,-0.017731211,-0.038355218,0.023638221,0.008484998
4/28/17,-6.96088E-05,0.022061858,-0.011363097,0.027741489,-0.085910653,-0.00457122,0.043370857,0.008449032,-0.010597711,0,0.11138229,0.046936288,-0.039302186,0.058620073,0.044005334,0.016737539,-0.006240104,-0.025721969,0.019490255,0.057726153,0.090493041,0.063134237,0.00221791,0.082605021,-0.008671216,-0.003890884,0.0167295,0,-0.024372845,0.036261608,0.079623486,0,-0.019043122,0.03947768,0.029700291,-0.042504361,0.012197836,0.012694439,-0.008477053,-0.020566176,-0.018246236,0.076367188,0.128530363,-0.011047974,0.066276447,0.026443119,-0.047026658,-0.032698527,0.043007769,-0.004389709
5/31/17,0.067769789,0.001213224,0.046287809,0.06071482,-0.158646617,-0.042640235,0.075276489,0.08455233,-0.036632391,0,0.030999413,0.063791784,-0.061996582,0.121380157,0.0408732,-0.074552392,-0.020174176,0.019320773,-0.066262976,0.008053245,0.067678363,-0.010904164,0.006254194,0.123232969,0.045555539,-0.055747126,0.053765933,0,-0.02405817,0.056396149,0.078324877,0,0.044601316,0.025889805,0.071419185,0.385413189,0.009564057,0.038797669,-0.02811561,0.008702622,0.080837243,0.045121877,0.085777056,0.041803486,0.001715462,0.045836874,0.015900675,-0.043568032,0.052442586,-0.004816348
6/30/17,-0.05721393,0.098303544,0.064607972,-0.002960665,0.115281501,0.109443442,-0.02676399,-0.022679023,0.082552432,0,0.019254482,-0.062664908,-0.016334751,-0.113617469,-0.033913432,-0.00729464,0.008214148,-0.004833357,-0.015656846,-0.003169154,-0.058160857,-0.000716566,-0.065632789,-0.055674061,0.031500975,0.112598904,-0.005530658,0,0.034309413,-0.01163737,0.021305253,0,-0.008353688,-0.013029782,-0.083767707,0.001454797,0.104648601,-0.011807992,0.028790199,-0.010670905,-0.011132797,0.010588608,0.060408786,-0.067402109,0.062855096,-0.015226294,-0.04245283,0.083496285,-0.037150127,0.002857143
7/31/17,0.032703791,-0.027272657,0.01726196,0.035704186,0.090544872,0.013238112,0.020433884,0.058399485,-0.005770816,0,0.068119491,0.039311408,0.038401233,-0.008878885,0.048498845,0.014158767,0.046582958,-0.034364261,0.042443862,0.121009405,0.017016608,-0.024771838,0.051274452,0.035809396,0.003250435,0.009790795,0.022073579,0,0.004374241,0.054182765,0.012927657,0,-0.003276642,0.054693167,0.215849006,0.124169895,-0.000437198,0.009697809,-0.012801429,0.050245314,-0.006300553,0.006075543,-0.105472747,0.064377119,0.034462302,0.061633611,0.098124864,-0.026529507,0.056950317,-0.008547009
8/31/17,0.10714185,0.077099127,0.035786905,0.059184927,-0.044819985,0.025570333,-0.007268825,0.021933025,-0.004556362,0,0.031066257,0.003955501,-0.037690104,-0.008071741,0.051651982,0.024165342,-0.00441538,0.023683888,-0.079414173,0.016070901,0.010301428,0.007755202,-0.003893552,0.030901538,0.003725148,-0.009912854,-0.006326353,0,-0.010272234,0.043035994,0.037208925,0,-0.000313087,0.033951251,-0.038258285,0.043541531,0.008011216,-0.000608398,0.032862501,0.015965646,0.001885014,0.06614254,0.100256593,0.017694765,0.036963662,0.04143551,-0.008884298,-0.04632086,-0.017903767,-0.037053241
9/29/17,-0.060243902,0.180079681,0.047506871,-0.038540861,-0.019230769,0.048827136,-0.019630838,-0.033878382,0.060694851,0,0.061452038,-0.052450135,0.146358223,0.048168942,-0.021677663,0.044085688,0.091804497,0.029983436,-0.025988142,-0.006396464,0.019345924,0.091345833,0.085828343,0.004878049,-0.017828813,0.050830674,-0.003925943,0,0.052281953,0.059264816,-0.020566356,0,0.009789284,-0.003744817,0.038005838,0.055063739,-0.039340354,-0.037155448,0.052476415,-0.013980709,-0.041575668,0.011798929,-0.041584715,0.082347259,-0.011607744,0.016615147,0.031686471,0.079890347,0.000896631,0.0740207
10/31/17,0.096807682,0.022752749,0.021227043,0.174152031,-0.138431373,-0.060230625,0.149716544,0.088109178,0.080899763,0,0.095392223,-0.059818993,0.027460293,-0.019538621,0.095482766,0.024268727,-0.013702128,0.075658662,-0.007710257,0.053783578,0.060921004,0.013573001,0.194590336,0.065347558,0.072302131,0.059473383,0.021550766,0,-0.042085574,0.055224382,0.065292316,0,-0.139622052,0.116659954,0.083154122,0.156849583,0.05688938,-0.010769093,-0.017927171,-0.043855005,-0.057382218,0.024471459,-0.028056288,0.085609842,0.073372479,0.045039909,-0.021041876,0.017951043,0.117353468,0.016711393
11/30/17,0.020290043,0.073905817,0.039461553,0.036024206,-0.008648157,0.009262243,0.064662348,0.053162063,0.032858708,0,0.039396171,0.04190952,-0.005278592,0.148307252,0.019347274,0.092240117,0.036428211,0.022650916,0.071669563,-0.015994668,0.003029892,0.090136955,-0.008537114,0.041054165,0.005505211,0.038862936,0.003479774,0,0.03946245,0.011427035,0.036366904,0,0.003267381,0.017023601,-0.045054218,-0.028818356,-0.036149312,0.064365418,0.043629103,0.042274728,-0.018061927,-0.005520301,-0.068410099,0.006205399,0.088954429,0.025529711,0.063087529,0.01282385,0.113618142,0.008557281
12/29/17,-0.015245854,-0.002166735,0.012417953,-0.034330743,-0.056014692,-0.010019356,-0.006186531,-0.069581839,0.047923323,0,0.116400992,0.066862014,0.078812893,0.009163368,-0.020034509,0.026809651,0.052105219,-0.01484853,0.033928962,-0.004063664,0.016628546,0.053998443,0.029438002,0.003561888,0.00279911,0.023153463,0.002403321,0,-0.002126654,0.0059148,0.000872245,0,0.026817951,0.016276583,0.023350037,-0.035922475,-0.036282104,0.02917954,-0.001103144,0.021002334,0.038765183,-0.014156243,0.008094544,0.073491623,-0.033790595,0.01270095,0.040086461,0.074375775,0.0209851,0.004202185
1/31/18,-0.010636412,0.16867564,0.094362131,0.139922392,0.336575875,0.06986774,0.240638922,-0.034527053,0.08401084,0,0.037727351,0.065994981,0.071415558,0.04701268,0.114252176,0.092662308,0.001278057,0.09114415,0.010789694,0.05910688,0.122289728,0.059990503,0.042894281,0.06665747,-0.010950472,0.087189545,0.037271142,0,-0.035638172,0.118295936,-0.005693702,0,0.052958948,0.11070844,0.408105855,0.270284238,0.095384903,0.003168779,0.022639426,-0.053110189,0.01495504,0.180271751,0.137979766,0.056001137,0.074027034,0.089545694,0.033215992,0.084226141,0.079493671,0.043758967
2/28/18,0.068132624,0.032168954,-0.029440154,0.046906288,-0.118631732,-0.004991938,0.04242913,-0.006329879,0.003125,0,-0.050067576,-0.148600988,-0.071458151,-0.017814515,0.020542534,0.077997111,-0.09825346,-0.034557662,-0.050703966,-0.045855851,-0.066231328,-0.092732703,0.030728262,-0.006194163,-0.054156806,-0.001469698,-0.091826014,0,-0.047484015,0.04,-0.072396868,0,-0.084894515,-0.008486579,0.077987421,-0.014849849,-0.017832913,-0.087863674,-0.010658759,-0.090572157,-0.034318754,-0.069296328,-0.031751856,-0.012036108,-0.044851761,-0.008684428,-0.117070464,-0.106753852,-0.155628518,-0.123601448
3/29/18,-0.058050752,-0.182854183,-0.006795956,0.033232917,-0.170107349,-0.072318659,-0.043049357,-0.037059271,-0.06217071,0,-0.046886115,-0.056338028,0.09169582,-0.012938711,0.000430108,-0.042206342,0.018942102,0.002989407,-0.026366809,-0.103914311,-0.060493514,-0.016469858,0.056603774,0.038894882,-0.013319988,-0.047878788,0.013810322,0,0.004544274,-0.003413746,-0.008621783,0,0.013410356,-0.026660979,0.01362482,-0.043016529,-0.097098875,0.002120375,-0.02258331,0.009679063,-0.029569663,-0.009375658,-0.224246487,-0.041162898,-0.050609346,-0.027005043,0.001675744,-0.102722137,-0.005708141,-0.014919461
4/30/18,-0.015019669,0.030704341,-0.025255868,0.025546094,0.082587065,0.023463163,0.082074703,-0.026437513,-0.002334111,0,-0.015505819,-0.076143037,0.104739416,0.046330202,0.040326741,0.0409128,0.097071203,0.024614442,-0.001095181,0.076412792,-0.017895366,0.036804309,-0.008832565,0.068447976,-0.01295357,-0.005869934,-0.005065623,0,0.047822153,0.01925454,0.070725157,0,0.08077841,0.024652131,0.057931268,-0.028887258,0.002370101,-0.07521759,0.031558185,-0.078806448,-0.175050302,0.018841422,0.104347499,-0.023678891,0.104672897,0.060692192,0.0449719,-0.008586148,-0.005732269,0.042085511
5/31/18,0.13514064,0.024754013,0.058489592,0.124909747,0.261948529,0.037277639,0.040539419,0.098727225,-0.02540107,0,0.052299806,-0.006690029,0.033077653,0.008410107,0.068931317,-0.035673967,0.002121007,-0.010366826,-0.008571713,0.115,0.079934811,0.015027203,0.075431135,0.090968126,-0.047305772,-0.016271373,-0.004859986,0,0.056238388,0.066472205,-0.044374104,0,0.011211143,0.06145537,0.125264034,0.122022311,0.022991023,0.002352883,-0.009051192,0.011473597,-0.03,-0.009888281,-0.031201089,0.109856636,0.021615905,0.031929988,-0.034042553,0.046931082,-0.061055203,0.055428893
6/29/18,-0.009418312,-0.063573883,-0.008776207,-0.021943196,0.091769847,0.027669525,0.043065254,-0.030954861,-0.029269972,0,-0.106905405,0.052277101,0.033090963,0.054176755,0.054666357,0.007492391,0.017135961,-0.004430929,0.053684528,0.013244342,0.026536364,0.045832217,-0.099456522,0.013417659,0.014378866,-0.026259228,0.02912804,0,0.00341016,0.03366295,-0.014534555,0,0.027604474,-0.002326993,0.113282139,-0.060628891,-0.056934932,0.085985037,0.009741163,0.066830668,0.029648205,-0.004644871,0.204474414,-0.014833348,0.019430213,0.013234394,0.055380743,0.026856825,0.037678701,0.018340719
7/31/18,0.027983361,0.005462084,0.079398197,0.003568352,0.22281521,0.064792242,0.045675962,-0.086012199,0.095423909,0,0.066462871,0.096767762,0.040847358,0.046559479,0.005498534,-0.009576889,-0.001265522,0.039521686,0.092170475,-0.111877316,0.086814442,0.012403895,-0.03238785,0.001558688,0.092137795,0.109123152,0.063155495,0,0.157974921,0.008793484,0.005424724,0,0.085172982,0.075752966,-0.137904606,0.033600675,0.086403582,0.056305686,0.100606395,0.045564766,0.068863017,0.13222941,-0.130660446,0.015349587,0.032118692,0.032389581,0.0383714,0.033369408,0.041798015,-0.014746767
8/31/18,0.200434616,0.040659222,0.019835215,0.076957659,0.373158756,0.023417172,0.132364524,-0.012355143,0.001619171,0,-0.034422809,0.033817775,0.017458778,0.068564215,0.113233686,0.129581461,-0.052921397,0.009358549,-0.013561113,0.018252405,0.003732012,0.021645163,0.012987648,0.074569134,0.023154737,-0.003218791,-0.044177568,0,0.075094891,0.088686869,0.036181287,0,0.041293457,0.063048817,0.089583642,0.146905087,0.018875839,-0.026,0.048736171,0.025593472,-0.097450753,0.01948578,0.011806534,0.009701761,0.06018482,0.075832359,0.052865995,0.028282324,0.080578482,-0.006284583
9/28/18,-0.008302948,-0.014586372,0.097546379,0.0244393,0.227254668,0.037435564,-0.004824341,0.134689765,-0.042895522,0,0.098235506,-0.042714247,0.054065096,0.007506541,0.041590254,0.018421604,0.032247172,0.051001641,0.043920728,-0.064132476,-0.020068193,0.031777656,-0.023539129,0.036132501,0.025837107,-0.015185896,0.045166334,0,0.015712257,0.032705511,0.031190285,0,0.04135566,0.018160776,0.017542428,0.001211344,0.061342116,0.006281653,0.061416185,0.003375527,0.061795528,0.021545275,-0.122289995,-0.045462633,-0.005706805,0.021785009,-0.018024646,-0.10123119,-0.020342166,0.060496445
10/31/18,-0.030477541,-0.168174222,-0.056455494,-0.089609187,-0.410488831,-0.069950311,-0.202191712,-0.094192032,-0.066530889,0,-0.199196596,0.082829314,-0.093168414,-0.026609332,-0.137018173,-0.053195051,-0.086931632,-0.085219952,-0.018043441,-0.07704001,-0.096513901,-0.150953415,-0.008669909,-0.070143252,0.013172179,-0.027147965,0.036588006,0,0.010530239,-0.110993557,0.057445155,0,0.03763744,-0.06610125,-0.19338198,-0.2497687,-0.048934533,0.005187835,-0.022918085,0.075004665,0.080083395,-0.042731891,0.274011406,-0.127610447,-0.017628928,-0.081551069,0.081017208,0.012747336,0.067830902,-0.062808751
11/30/18,-0.181187635,0.210918433,0.074122425,0.020874023,0.169686985,0.087599829,0.057671729,0.062284666,0.032727273,0,0.118282229,0.022810697,-0.053218884,0.014006393,0.04022151,0.046338798,0.075495367,0.102012072,0.005747627,-0.073654391,0.017486108,0.031196138,0.058512785,0.016729858,0.056041185,0.019904605,0.061013088,-0.038798574,0.099665543,0.017200384,0.072187677,0,0.077842684,0.042748269,-0.05185897,-0.22403751,-0.001638002,0.085068518,0.081942727,0.065741994,-0.017486091,0.068050503,0.0390134,0.075622105,0.080007653,0.029813354,0.05622701,0.027974064,-0.026226566,0.007857788
12/31/18,-0.116698398,-0.022064283,-0.023227549,-0.098250229,-0.133333333,-0.065210084,-0.111349746,0.082426733,-0.127442279,0,-0.063389106,-0.122276339,-0.057872469,-0.119206157,-0.040557579,-0.094840192,-0.085337145,-0.057124761,-0.043105987,-0.067705,-0.058297661,-0.047138421,-0.048266072,-0.082412716,-0.121511232,-0.122043349,-0.060515873,-0.013780349,-0.024612272,-0.061769533,-0.058034057,0,-0.030003824,-0.084047254,-0.064551078,-0.183136511,-0.074036095,-0.086788478,-0.055807917,-0.027404507,-0.216266654,-0.102574832,-0.050445104,-0.053580371,-0.114586295,-0.068943617,-0.067661692,-0.151068534,-0.040848837,-0.142264151
1/31/19,0.055154051,-0.118086872,0.013715983,0.095385431,0.322318527,-0.038834951,0.14431713,0.054939437,0.155438312,0,0.054523826,0.074008811,0.085645549,0.053605616,0.109513032,0.100161045,0.053865245,0.075640031,0.017054264,0.271569151,0.077447941,0.068152718,0.004048583,0.09891044,0.031228206,0.068967848,0.016473073,0.044668034,0.035776011,0.12108323,0.006814214,0,-0.025912839,0.028157921,0.268400209,0.076779026,0.116882955,0.019822592,-0.019243986,0.057803858,0.149191132,0.097770231,-0.077463942,0.073428503,0.084617855,0.023268152,-0.010290221,0.071180556,0.0287708,0.074644376
2/28/19,0.044771314,-0.013077594,0.063579063,0.059236543,-0.036050799,0.023763609,-0.045905989,0.026505126,0.026694766,0,0.031390808,0.057424118,0.006977676,0.021928067,0.076857274,0.094734616,0.053504587,0.145149657,0.011836442,-0.031435599,0.000586203,0.008772408,0.131033884,0.145074599,0.033535524,0.008309179,-0.057968003,0.062756886,0.059274091,0.064604746,0.034791364,0,0.092167137,0.0773815,0.054786451,0.074226087,0.037826,0.034592172,0.021201413,0.021561107,0.133211679,0.056579965,0.041886522,0.050655542,-0.103552924,0.099019788,0.033781329,0.020036802,0.03297506,0.090419959
3/29/19,0.0970257,0.01703685,0.029889204,0.0152,0.084572886,-0.000526094,0.085935737,0.102005165,-0.051237964,0,-0.01347022,0.03387639,-0.016359617,0.106976319,-0.032263978,0.042881978,0.030105369,0.040724723,-0.016040411,0.032455869,0.044685101,0.044240634,0.01397281,0.057783353,0.023053279,-0.029992334,0.042570648,0.020833537,0.027476443,0.047515238,0.032963446,0,0.030032462,0.052753727,-0.004300475,0.164008816,0.030308843,0.05975441,-0.020299885,0.055809234,0.029808486,0.055279624,-0.125109416,0.002741539,0.024679277,0.054482852,0.038826423,-0.031469232,-0.009432501,0.022396558
4/30/19,0.056435904,-0.001841565,-0.000671026,0.085406582,0.082680251,-0.05611117,0.081858767,0.058827442,0.108372599,0,0.035178717,0.094507711,-0.054240336,0.014000165,0.044074004,0.042880931,-0.025328787,0.003181336,0.23363055,0.160237567,0.018752815,0.061545677,-0.049534451,-0.03784948,0.010086558,0.155087423,0.046948357,0.024612062,-0.098027127,0.0813128,0.040389679,0,-0.053625105,0.107342717,0.039207987,0.008019603,0.034743024,0.044879641,-0.04379562,0.030565492,-0.0207037,0.013627064,-0.147109269,0.11087018,-0.057388983,0.052756258,-0.022830768,0.001862583,0.054444786,-0.006435644
5/31/19,-0.124165749,-0.0337574,-0.043112117,-0.063439931,-0.00796236,-0.062444109,-0.078613251,-0.209673367,-0.130150425,0,-0.140654139,-0.058120836,-0.061305135,-0.021628254,-0.084306018,-0.070062556,-0.042382679,-0.003246753,-0.035993283,-0.082368149,-0.077116835,-0.067992145,-0.131840842,-0.024735123,-0.064820699,-0.086945282,0.001426824,0.006462887,-0.003924856,-0.010816551,0.009414385,0,0.006352433,-0.049529414,-0.073568306,-0.250741426,-0.085487078,-0.000390472,0.03146504,-0.033527423,-0.108941774,-0.037736529,-0.224265784,-0.108938827,0.037456558,-0.017365249,-0.049659031,-0.074629575,-0.008361372,-0.108442893
6/28/19,0.130519221,-0.052014079,0.104689347,0.087670727,0.107989785,0.105458908,0.066791732,0.154999798,0.096091196,0,0.137551123,0.031219512,0.034599729,0.103013607,0.002113467,0.051893139,0.093017128,0.083941561,0.057558316,0.087507748,-0.021418888,0.103018145,0.086966394,0.067306514,0.061990088,0.055115138,0.044542176,0.112157297,-0.044419527,0.051850968,0.047359661,0,0.065611781,0.083117723,0.070030296,0.212387421,0.125889328,0.031866011,0.043352601,0.065494121,0.033189944,0.100737653,0.206848131,0.100182149,0.01358153,0.075745367,0.051149954,0.066486365,0.0892153,0.082803448
7/31/19,0.076394503,-0.069935682,0.039620997,0.014288138,0.002634178,0.012481007,-0.014179116,0.00739943,0.057931034,0,-0.026593859,0.026049455,-0.026579007,0.043025808,0.018256113,0.01851466,-0.010687882,-0.01693255,0.030460179,0.006373057,0.125046177,0.027503967,0.055984959,0.062991284,-0.065048823,0.044924411,0.03358209,-0.047410359,-0.016607997,0.03051172,0.014735626,0,-0.01025641,0.017243953,-0.120684961,0.027339707,-0.007713869,-0.025318386,-0.103416436,0.083471952,0.064688654,-0.054481068,0.08122259,0.095842228,0.020490963,0.025641026,-0.022224331,0.023034658,-0.000995565,-0.029622863
8/30/19,-0.016430292,-0.013209246,-0.02043628,-0.048015793,0.032840722,0.12627875,-0.048473843,-0.025345702,-0.103324641,0,-0.096225412,0.025249016,-0.116790792,0.071748478,0.010161812,-0.155054152,-0.033956412,0.011316726,-0.040206979,-0.044071462,-0.02271384,0.066544995,-0.055825548,0.039847103,-0.006956207,-0.052931034,0.045791374,-0.007815767,0.042961663,0.033422705,0.039910782,0,0.041932763,0.015141421,-0.090529119,-0.00618633,-0.075310835,0.069791096,-0.076091961,0.018553033,-0.137782562,0.033779891,-0.066222425,-0.010079194,-0.060278704,0.017283445,0.052288764,-0.027435064,0.040206863,-0.067568166
9/30/19,0.072961579,0.151810161,-0.019338959,-0.029032371,-0.078219396,-0.072428339,-0.022732774,-0.014139368,0.067129087,0,0.061428571,0.018526887,0.091989268,-0.022560727,-0.048888319,0.055543687,0.007475365,0.017678856,-0.050560979,-0.040878979,0.025711238,0.024210215,0.086901498,-0.077750035,0.007946401,0.071272529,-0.003609612,0.02546186,-0.010091175,-0.034829584,-0.014956187,0,-0.020001703,0.008486871,-0.088953191,0.039161841,0.057049558,0.00974816,0.01068917,0.034517175,0.070487573,0.015318707,0.067638846,0.044363636,-0.066988505,-0.048722486,0.037826685,0.083100709,0.038683704,0.031103972
10/31/19,0.110684467,0.065848259,0.003298601,0.006081448,0.170403587,0.102010232,0.023474719,0.060781686,0.071991772,0,0.09956353,-0.001077749,-0.023788388,0.033494152,0.054230666,-0.031302433,-0.02074199,-0.045766115,-0.003069368,0.076201707,0.030840035,0.011033532,0.097030856,-0.02979262,0.020559592,0.069947501,-0.000183688,0.023900475,0.018957346,0.020554682,-0.083880583,0,0.029460679,0.031216284,0.073948135,0.154822772,-0.005454771,0.000510576,0.067909825,0.007447307,0.072566838,0.036770007,0.307427243,-0.080071741,0.162801399,0.039823266,0.01222633,0.023592387,-0.011964948,-0.043053392
11/29/19,0.077517326,0.10282841,0.022006937,0.113697694,0.153846154,0.107984237,0.013587293,0.079767799,0.065558043,-0.082313682,0.050290276,-0.014948684,0.085869565,0.009087543,0.040897182,-0.046306041,0.018472336,0.059207662,0.16671798,0.052126272,0.03597871,-0.059979538,0.032504174,0.005398058,0.048486419,0.054755043,-0.011574499,0.039626922,0.035800888,0.05570608,-0.004931368,0,0.006000462,0.059468502,0.094812289,0.078991644,0.030280785,-0.0097689,0.013700888,-0.019677134,0.018295678,0.039638387,0.047694653,0.018815154,0.107518797,0.033310658,-0.003803539,0.064775217,0.015606345,0.02068293
12/31/19,0.09878391,0.009232874,0.016500878,0.06551869,0.171392082,0.027053511,0.026121724,0.0095811,0.062772707,-0.260606061,0.020382782,0.018573046,0.084918252,-0.019645776,-0.001534778,0.058485985,0.028856826,0.052546473,-0.040114267,0.017903194,0.027068684,-0.003368612,0.031007752,0.011742439,0.060949887,0.057984214,0.036516854,0.036945408,0.119982957,0.021763679,0.0160942,0,0.050378954,0.04174924,0.028316278,0.085632555,-0.056287852,0.013232066,0.017133956,0.023267246,0.040053926,0.03539422,0.267897193,0.067215706,0.054465123,0.018372988,0.019256308,-0.012118986,0.002357914,0.024218406
1/31/20,0.054009876,-0.072690975,0.007435854,0.0646736,0.024858264,-0.103787282,0.087063815,-0.034364914,-0.067859171,-0.016393443,-0.104377804,-0.03509301,-0.086114101,0.039466522,0.120941958,-0.034564421,-0.11094515,0.048149596,-0.043697711,-0.016272838,0.069725771,0.04450957,0.068170426,0.072502445,0.020566258,-0.044324994,0.055103884,-0.045890089,0.062466712,0.059493659,0.082789333,0,-0.060582738,0.079454661,0.06650802,0.00480238,-0.005614359,0.039145387,-0.039771755,0.003712506,-0.028087907,-0.035952843,0.555159802,-0.05274979,-0.073236275,0.058914316,-0.021805119,-0.127509294,-0.036603837,-0.109773574
2/28/20,-0.114672512,0.057886941,-0.116020197,-0.017144159,-0.032340426,-0.068906349,-0.062213748,-0.106632586,-0.131891563,-0.151666667,-0.054130187,-0.063903681,-0.179442377,-0.077872711,-0.065328287,-0.131390037,-0.1185941,-0.101261888,-0.149374593,-0.046753504,-0.065278689,-0.044980272,-0.127278431,-0.051822527,-0.090780004,-0.12277123,-0.084075342,-0.059666224,-0.09203506,-0.081312908,-0.086694396,0,-0.103932584,-0.045695912,0.069373207,0.143006665,-0.057006673,-0.070342205,-0.102577873,-0.091397849,-0.010036276,-0.07149015,0.026776519,-0.053957729,-0.064195265,-0.085174085,-0.088829071,-0.120489728,-0.059481177,-0.159910213
3/31/20,-0.069761487,-0.11107222,0.024406076,-0.077885953,0,0.015020277,0.035020571,-0.115586465,-0.250080841,-0.402750491,-0.066001288,-0.143952511,-0.363899215,0.014192217,-0.155046948,-0.015527173,-0.223698307,-0.041432595,-0.178920527,-0.133371435,-0.13238753,-0.136864035,-0.025216138,-0.13485048,-0.024910767,-0.22461459,-0.16574493,-0.089849804,0.099817648,-0.167751938,-0.148426636,0,0.012950759,-0.026541572,0.01753245,-0.023956752,-0.022846745,-0.084067826,-0.023339318,-0.028526009,-0.091763343,-0.024044394,-0.215557119,-0.124496233,-0.018002668,-0.113556338,-0.007939439,-0.297429621,0.059933546,-0.261858476
4/30/20,0.155373786,0.09438254,0.171738865,0.111236802,0.151934916,0.179993094,0.26890015,0.145592577,0.1328309,0.703947368,0.011812379,0.094531704,0.366883117,0.065128187,0.124809001,0.087848809,0.269666023,0.180984033,0.119565217,0.227278177,0.158999957,0.177387392,0.108277901,0.175553185,0.144208038,0.075034873,0.037062147,0.063526012,0.114763552,0.139989794,0.134321137,0,0.031193138,0.136326168,0.118109188,0.108801214,0.101052499,0.101498751,0.175245098,0.078641526,0.02247807,0.180112835,0.492137405,0.161513059,0.172788516,0.109235353,0.080683176,0.012195122,0.06979405,0.223860943
5/29/20,0.085026038,0.127372263,0.030730807,0.093202126,0.026913533,-0.033399974,-0.012784964,0.072343715,0.002910603,-0.544401544,0.032222031,0.052351847,0.011668067,0.018052805,0.07928373,0.128362435,0.010632091,0.01927077,0.084604716,0.099555469,0.064468701,0.130327981,0.055033524,0.076016456,-0.001661943,0.016186299,0.01721508,0.099733681,-0.006307363,0.094264829,5.33163E-05,0,0.017393496,0.025352267,-0.000285816,0.214657178,0.015102888,-0.005593771,0.005804122,-0.01654365,-0.016621984,0.043354846,0.067938814,0.031395512,0.042329128,0.094285738,-0.001218451,-0.070393618,0.025171646,-0.002224649
6/30/20,0.147386299,0.059458293,-0.036767804,0.125995861,-0.022118959,0.026817588,0.129566773,0.095196304,-0.008721639,-0.194915254,0.053025889,-0.009848485,-0.003793267,-0.017051901,0.071743235,-0.024675868,-0.02693566,0.062450594,-0.049360614,0.008796481,-0.010791618,0.01419459,-0.049261084,0.020219069,-0.054588235,-0.033398417,-0.034238902,0.053179366,0.073422687,-0.017248828,-0.009929154,0,-0.034338025,0.110559345,0.084125509,0.070596998,0.027896597,0.013270501,-0.14375491,0.031487233,-0.029507615,0.038330482,0.293185629,0.0693111,-0.028322377,-0.010602336,-0.039212269,-0.032867397,-0.034499436,-0.016494392
7/31/20,0.165131579,-0.021768813,0.104911917,0.020697893,0.471773427,0.037352667,0.147113621,0.003612053,0.047578947,0.315789474,0.058337981,0.097998974,-0.100833223,0.075926025,0.040143063,0.017830138,-0.059284994,0.152519369,0.048695184,0.117144493,0.049293043,0.059798012,-0.202239679,0.036150273,0.036478703,0.037408648,0.057296329,0.155579652,-0.084602266,0.044779059,0.053179379,0,0.037630932,0.007370645,0.074367089,0.117606802,0.007466208,0.040828671,0.188301213,0.103468985,0.096345989,0.142435282,0.325010882,0.011582604,0.026546872,-0.014339701,0.054514085,-0.05234375,0.080313909,-0.059033989
8/31/20,0.433240652,0.009061216,0.087738474,0.155451026,0.172930389,0.04226445,0.090460963,0.095974743,0.034565916,-0.196,0.070966285,0.046962617,0.01337256,0.067981446,0.399281499,-0.103609342,0.014600099,0.013101079,0.127672311,0.155832381,0.095151047,0.073637425,0.074715493,0.12736234,0.059470116,0.036734272,0.048475868,0.018889478,-0.007786152,0.160956795,0.105466337,0,0.062686939,0.102768154,0.083210604,0.259991992,0.031920649,0.017434258,-0.017931393,0.054987797,0.038797032,0.036308733,0.741452095,0.114464916,0.032267653,0.115083402,0.031141267,-0.000427506,0.077424026,-0.032126647
9/30/20,-0.102526348,-0.085412969,-0.005846351,-0.044722336,-0.097225281,0.003315964,-0.087578529,0.059155287,-0.057537422,-0.069651741,0.048064085,0.032358848,-0.133280549,0.021112581,-0.078232166,-0.067029844,-0.142142261,0.043817983,-0.05907333,-0.10675307,-0.100599559,-0.020627157,0.016290481,-0.055531428,-0.029528714,-0.039125661,0.004828707,-0.042959809,-0.002493429,-0.055892124,0.02795991,0,-0.020156798,-0.067396799,-0.055763275,0.011956778,0.043341489,-0.003163995,-0.028843609,0.004771199,-0.045220027,0.029753742,-0.139087333,0.004502286,0.001640264,-0.056700788,0.003711827,-0.026501035,0.007634138,-0.140460691
10/30/20,-0.060012089,-0.015107872,-0.030954888,-0.088351039,-0.081717283,-0.146443185,-0.035754098,-0.040321695,-0.01618929,0.165775401,0.059399909,-0.082181797,-0.117404871,0.009312985,-0.075799777,-0.08014489,-0.034722222,0.065991734,-0.022807866,0.004620084,0.102695142,-0.039609665,-0.144843569,-0.033646335,-0.079056959,0.027640103,-0.026534333,-0.074707093,-0.118632617,-0.14547562,-0.029568545,0,-0.093309222,-0.037369847,-0.048577085,-0.073648424,-0.056411147,-0.038311688,-0.033242507,-0.008084152,-0.052940392,0.071570937,-0.095498939,0.019671101,-0.021265677,-0.091313697,-0.031867931,-0.087622288,-0.008291044,-0.049810661
11/30/20,0.095495332,0.228907168,0.029588051,0.070163274,0.230707929,0.030408088,0.043439883,0.148585648,0.188185654,1.293577982,0.105316778,0.189393939,0.382250175,0.095492422,0.058251173,0.198328691,0.272979495,-0.021390607,0.220701031,0.052677587,0.08556967,0.040118481,0.099803264,0.118660226,0.062618966,0.202366381,0.082188931,0.163746937,0.122292209,0.165846729,0.026901408,0,0.06887382,0.060097459,0.031445748,0.069211744,0.028693637,0.082076675,0.140505922,0.012910284,0.066600957,-0.017204937,0.4627358,0.115222353,0.102248148,0.159392501,0.060010528,0.280768343,0.101189189,0.196504463
12/31/20,0.114573709,0.024574488,0.011735354,0.045248396,-0.010252536,0.035489101,0.028058358,0.099350703,0.083051019,0.186,0.048562705,0.042993631,0.010869565,-0.013447049,-0.094670464,0.040213854,-0.031314522,-0.010281226,0.224106479,-0.013756002,-0.001003192,-0.037202411,0.030403309,0.079058008,0.087779928,0.077960638,0.062790698,0.031592686,0.159217302,0.06071142,-0.013153054,0,0.025774065,0.039005933,0.101956389,-0.025564438,0.120755371,0.03549714,-0.039154268,0.001944264,0.108894524,0.002192275,0.24325229,0.017860465,0.046360297,0.039838365,-0.027478894,0.103473492,-0.053083405,0.081038552
1/29/21,-0.005501545,-0.032445706,0.133394937,-0.082680157,-0.066186893,0.050060891,-0.015576018,0.028891173,-0.021774992,-0.231028668,0.009836547,-0.049654327,0.00100025,-0.064626573,0.013616142,0.00435927,0.008880995,0.07067615,-0.071807043,-0.054290526,0.042632828,0.019576839,0.11421116,-0.047520983,0.036535773,0.019844428,-0.121991247,-0.068726045,0.231757877,-0.112770267,-0.031410197,0,-0.057823961,0.042891826,-0.015423594,-0.004998085,-0.062269414,-0.079096426,-0.014114778,-0.072992663,-0.037927286,0.094293443,0.124505789,0.015719247,-0.048762404,-0.116490651,-0.058094049,-0.009940358,-0.025390219,0.087821446
2/26/21,-0.079707746,0.051327088,-0.030827737,0.001961767,-0.013194769,-0.061408191,-0.035328426,0.04299667,0.170657673,2.324561404,0.180704441,0.0635465,0.311305872,-0.058958894,-0.040166696,0.006505159,0.189966673,-0.076395896,0.124100612,-0.002748423,0.106465064,-0.046082269,0.101409883,0.080032113,-0.022566523,0.143778659,0.017445483,-0.004604727,-0.010676095,0.118751778,-0.001972671,0,-0.057739717,0.004108012,0.012133962,0.055793991,0.067516134,-0.054038222,-0.067130919,-0.036502613,0.054865035,-0.116970767,-0.148740438,0.039712717,-0.004076983,0.100712176,0.010045662,0.214215097,-0.075236672,0.233369006
3/31/21,0.007339601,0.00445517,0.000500918,0.034154937,-0.071115844,0.106215543,0.000371816,-0.005729129,0.120161337,0.363456464,0.074068927,0.026365706,0.018457989,0.06489426,-0.021385681,0.152440383,0.0479,0.025611763,-0.023910284,0.143273038,0.020084969,0.188905168,0.052977953,-0.018147332,0.037170264,0.034382007,0.084907101,0.151799075,-0.088193665,0.006217324,0.087319298,0,0.07080275,0.014588175,-0.031901271,-0.026394361,0.087738335,0.103588998,0.081815467,0.096332875,0.070377801,0.014579728,-0.011206514,0.097056945,0.123882825,-0.003107491,0.051537071,0.080176942,0.049912417,0.026853044
4/30/21,0.076217765,0.042956423,0.005713791,0.069356501,0.039745223,-0.036855432,0.120662685,-0.016089376,0.047557508,-0.394775036,-0.011812448,0.042431564,-0.034547857,0.057866924,0.087081701,-0.008520394,-0.01641378,0.128221077,0.0081292,0.103724578,0.141079844,0.06034398,-0.10109375,0.077487339,-0.009857012,0.016298451,0.0240941,0.020346969,-0.021678621,0.074301452,0.053270278,0,-0.033597094,0.069601731,-0.015699881,0.124454517,0.084757458,0.019158713,0.066795473,-0.008476832,0.07054316,0.030347517,0.062147231,-0.039472988,0.07184132,0.103103009,0.004635767,0.153058613,0.030037547,0.025255239
5/28/21,-0.050505565,0.015246637,-0.02856429,-0.007396624,-0.018867925,-0.000142289,-0.070470263,0.035357299,0.045891932,-0.32853717,0.056858533,0.021193232,0.09858998,0.016608885,0.03377909,0.039088588,0.019693781,0.008663464,-0.039619396,0.011228005,0.001423412,-0.014706337,-0.001093783,0.065338703,0.046530574,0.067810936,0.024268247,0.05163728,0.097614103,-0.056221536,-0.003812267,0,0.018657718,-0.007632999,-0.020760707,0.082281222,0.038923341,0.026220866,0.012041974,0.010718033,0.015052632,-0.001552432,-0.118713351,0.05157609,0.032898696,-0.025410637,-0.022495241,0.039293962,0.01911101,0.034517839
6/30/21,0.099109221,-0.004946996,-0.00617231,0.16064846,0.172952048,0.02441792,0.067355037,0.017370828,-0.023316984,-0.029761905,-0.097270616,-0.005580746,0.092572659,0.04599889,0.025913482,0.001890359,0.009153098,0.048531246,-0.016120907,0.057737353,0.036039629,0.005204651,-0.017156863,0.116331504,-0.026646972,-0.052971262,-0.013942621,-0.034857301,0.149093822,0.012507627,-0.012398991,0,0.170688141,0.084988786,0.0505161,0.231623586,-0.011430023,0.008845747,0.011102505,0.000593252,0.040246494,0.0750778,0.087137328,0.013065009,-0.02424931,0.028684558,-0.008143034,-0.030607877,-0.007111174,0.080692136
7/30/21,0.064982477,0.04392985,0.047568641,0.061454136,0.13052273,-0.009066667,-0.032722315,0.017951514,-0.069609508,-0.155828221,-0.044800535,0.03621664,-0.072321929,0.088074021,-0.009579564,0.051936729,-0.027974031,0.108548219,0.001422313,0.024704495,0.103506035,0.029163661,-0.043106519,0.082462182,0.045283477,-0.018545162,0.053964147,0.063265306,0.060909725,0.058365664,0.050738127,-0.033068783,-0.011572586,0.051716501,-0.020143504,-0.025171854,0.123533758,0.05925626,0.103171151,0.060755669,0.009888003,0.070450175,0.01103428,-0.003325116,0.029417641,0.053759302,0.006757576,0.014351954,0.010849525,-0.087349398
8/31/21,0.04249668,0.038521066,0.044552819,0.067676914,0.042659384,-0.059171138,0.043034148,0.024330449,0.088373306,0.36627907,0.019927449,0.031446541,-0.009454156,0.059969282,0.096474187,0.065920173,-0.036332678,0.089650072,0.029996591,0.064776873,0.074009196,-0.006124501,0.012818247,0.068192539,0.011401061,0.053827909,-0.012624934,0.023423013,0.064161349,-0.102891641,-0.016315768,0.033515732,-0.007545206,0.061603583,0.099735302,0.148212729,0.022836814,-0.003568015,0.076150432,0.001124938,0.029073834,0.027666154,0.070605355,0.001521351,0.009824851,-0.068889621,-0.013983507,-0.000990216,0.042767154,-0.038612665
9/30/21,-0.06803662,-0.106888558,-0.065205349,-0.132559892,-0.070628613,-0.057109919,-0.053518075,-0.017546776,0.021971756,-0.35,-0.089628681,-0.078279499,0.220421394,-0.013479989,0.022429977,-0.077770247,0.048362096,-0.060190913,-0.066905681,-0.105408825,-0.07616925,0.011507615,-0.014428413,-0.046987335,-0.067174955,0.023382307,-0.061166479,-0.064288554,-0.105462852,0.004187968,0.01537101,-0.06287227,-0.006592712,-0.066118988,0.072295718,-0.074558856,-0.022439134,-0.031650326,-0.066420664,-0.01818948,-0.068020422,0.029992122,0.054042299,0.006809491,-0.057960648,-0.027717154,-0.018,0.015536105,-0.058879136,0.078870139
10/29/21,0.058657244,0.075727765,0.095262231,0.129646356,0.168415938,-0.026710557,0.026602416,0.096385045,0.125559482,0.402618658,0.068597112,-0.076409721,0.105952056,0.095652891,0.104970135,0.035309051,0.128536225,0.024076994,-0.000591121,-0.046613041,0.107498728,0.13245598,-0.08033033,0.161760878,0.008544892,0.044030135,0.074328188,0.088008726,0.102618481,-0.033774918,0.018414831,0.081920904,0.172280655,0.176291146,0.13102533,0.234166828,0.104846262,0.074396649,0.016972797,0.029203494,-0.002637409,0.108063641,0.436529633,-0.018625462,0.178456262,-0.049292929,-0.007235793,0.102348632,0.07203329,0.096055763
11/30/21,0.105076026,0.005319613,-0.024206688,0.029968018,0.317225318,-0.030933473,0.039923735,0.04139786,-0.069275848,0.025670945,-0.052252341,-0.028193661,-0.058531346,0.097326769,-0.049150789,-0.020189387,-0.002704209,0.031657953,-0.142958538,0.002750564,-0.041531011,0.077661807,0.011017001,0.042029425,-0.036315221,-0.065100948,-0.062089764,-0.003320802,-0.023190481,-0.061397234,0.001751171,0.050913838,-0.14923339,-0.001283382,-0.070127914,0.278053741,-0.054200542,-0.011262376,0.239320354,0.011119659,-0.090966787,-0.000379105,0.027612208,0.026082782,-0.03529003,-0.083406087,-0.05133044,-0.062377265,-0.058827466,-0.0590916
12/31/21,0.074228675,0.174531575,0.119026795,-0.153452265,-0.091368315,0.131184634,-0.04925194,0.209419921,0.005129947,-0.41410694,0.069252651,0.007002801,0.032083274,0.052504728,-0.108190623,0.155543399,0.039691681,0.023571579,0.068944099,0.036645503,0.020821368,0.040213975,0.046747967,-0.013919975,0.09709485,-0.003022099,0.128884652,0.092485642,0.113610708,0.140988187,0.095952576,-0.057142857,0.032670277,0.017332648,-0.06147375,-0.099805899,-0.038902358,0.094458687,0.099013586,0.131415133,0.120294608,0.054808479,-0.076854537,-0.020273431,0.134033712,0.118387779,0.03361846,0.004185852,0.03295585,0.02256016
1/31/22,-0.015712114,0.021680856,-0.09107531,-0.057771664,-0.206045865,0.009645731,-0.102829945,-0.119520296,0.037086986,-0.165048544,-0.020173426,-0.001807992,0.227763924,-0.110216664,-0.084602369,-0.116201795,0.119130805,-0.131363788,-0.076957841,-0.068648729,-0.065919007,-0.115732151,-0.052038835,-0.135761905,0.007131584,-0.055842661,0.03040027,-0.080102762,-0.111613931,0.076732975,-0.03215578,0,0.063152401,-0.07534491,-0.290983334,-0.167454354,-0.065923616,-0.001093777,-0.101017722,-0.013867968,0.082631579,-0.128799233,-0.113609266,-0.041469356,-0.05888796,0.043652808,0.036529688,0.121300542,-0.033727279,0.24137931
2/28/22,-0.054063839,0.079479874,-0.053663895,-0.124686506,0.079562363,0.005719456,0.026672505,0.002662661,-0.042045947,0.225581395,-0.069359,-0.064612923,0.075678076,0.029509601,-0.095000645,0.0017963,0.108071385,-0.039819448,0.038399664,-0.326342335,-0.00182183,-0.139380893,-0.015513249,-0.145633341,-0.038610184,-0.045760431,0.020160629,-0.079829296,0.022835982,-0.066152492,-0.051262286,0,-0.060137457,-0.037209691,-0.076368404,-0.004124806,-0.063947758,-0.056362379,-0.109128867,-0.028420069,-0.017306757,-0.064166523,-0.070768212,-0.05292774,0.006983092,-0.042847159,0.008266015,-0.003497335,-0.033259424,0.043885456
3/31/22,0.057473353,0.097042701,-0.018736528,-0.025786863,-0.113507378,0.06773225,0.061437325,0.079214187,-0.062811692,0.030360531,0.18786651,0.001283148,0.057313261,0.10900337,0.008502351,-0.000179308,0.130763889,0.069880591,-0.076114778,0.053689049,0.02969487,-0.046566316,0.038993711,0.013639142,0.076927751,-0.03864598,0.003631204,0.093808401,0.145709142,-0.00953384,0.010254525,0,0.080933402,0.031861843,-0.050517084,0.119151378,0.088982493,0.02896092,0.102897316,-0.019821669,-0.057812909,0.086345217,0.2380088,0.079357609,0.074876286,0.026142884,-0.050866406,-0.091999251,0.106060222,0.05317521
4/29/22,-0.097130749,-0.08591123,-0.037288979,-0.1309644,-0.21785257,-0.035687702,-0.237525115,-0.11956867,-0.134400776,-0.300184162,-0.050262808,-0.146000483,-0.0448,-0.075155841,-0.171345139,-0.115514702,-0.037830867,-0.143865271,-0.186132983,-0.098443965,-0.179466806,0.00357465,-0.120460048,-0.127901714,0.018224905,-0.117846572,0.042096774,-0.023385405,0.020113839,0.018214189,0.007602718,0,0.080926264,-0.099867017,-0.491817721,-0.320274133,-0.109294634,0.025869279,-0.052153757,0.05662127,0.064509261,-0.063878778,-0.191945063,-0.072105952,-0.002784478,-0.038959282,-0.080043241,-0.099669831,0.02733011,0.032207289
5/31/22,-0.054502647,0.003336057,0.034889868,0.051849981,0.191066417,0.109749053,-0.032764329,0.046429409,0.042600897,-0.015789474,0.025220861,0.113682093,0.18142704,-0.123185135,-0.089234966,-0.080236831,0.124246925,0.050531597,-0.010660217,-0.034069936,-0.003045321,0.007822903,0.02738075,-0.010244776,0.00111142,0.107825067,-0.019037301,0.040774458,0.076552531,-0.01516319,0.01224113,0,0.037659263,-0.017968396,0.037192688,0.006739634,-0.020163488,-0.02306214,0.089485142,-0.078916225,0.0625,0.026495696,-0.129197483,0.045368214,-0.023144234,-0.002579713,0.107775378,0.054908118,-0.156143512,0.137582531
6/30/22,-0.081429723,0.039288865,-0.075004257,-0.121062236,-0.249263695,-0.05234868,-0.116459182,-0.155768827,-0.158383654,-0.139037433,-0.171832291,-0.113821138,-0.194627689,0.028012526,0.029955067,-0.053496115,-0.171075232,-0.03810032,-0.145237233,0,-0.042184561,-0.088279216,-0.157811796,-0.07001882,-0.011251601,-0.148377827,-4.20086E-05,-0.111310537,0.034424451,-0.118450834,-0.015694158,-0.167269159,-0.001255405,-0.055320558,-0.114313209,-0.18796853,-0.028503893,0.000356853,-0.011500754,-0.02765756,-0.058917647,-0.042230593,-0.111887743,-0.130742249,0.037658849,-0.072017722,-0.010528368,-0.144199257,-0.054808365,-0.107916667
7/29/22,0.188633704,-0.054224024,0.006202636,0.120362782,0.235386426,0.017139334,0.270595989,0.102241617,0.086090588,0.220496894,0.116443399,-0.037351148,0.084845786,0.131298185,0.115002424,0.073660455,0.131233596,0.149692332,0.123940678,0,0.067518332,0.097239946,-0.029403903,0.185482844,-0.016844121,0.033516824,0.020028612,0.050325183,0.016839898,0.123129635,0.066793584,-0.013333333,-0.020072392,0.093096601,0.286098244,0.198166106,0.119050152,0.049801992,-0.029022624,-0.027670683,-0.016102896,0.101476219,0.323765258,0.171753986,0.055896268,0.077302047,-0.078365437,0.119989788,0.086116138,0.13183092
8/31/22,-0.031206133,-0.063061808,-0.056872473,-0.089437238,-0.101619562,-0.021455482,-0.060615043,-0.067920371,-0.00591541,-0.106870229,-0.068297604,-0.035447761,0.128498644,-0.035470164,-0.151613955,-0.014326648,-0.026307074,-0.073969877,0.056361923,0,-0.069635488,-0.035289426,-0.111905287,-0.053466909,-0.069287999,-0.014129681,-0.038335671,-0.063377483,-0.083417118,-0.083156675,-0.036868284,0.02407291,-0.044548914,-0.066657862,-0.005958204,-0.168969884,-0.047404933,-0.015374943,-0.104533756,-0.006982939,-0.017086979,-0.088718437,-0.072488642,-0.076471575,-0.04242726,-0.061510425,-0.09482572,0.003341541,0.008116443,-0.004511881
9/30/22,-0.120976975,-0.001859289,-0.057379445,-0.263067695,-0.253446448,-0.062005826,-0.108621914,-0.102831536,-0.095551737,-0.065527066,-0.111688593,-0.189555126,-0.052251904,-0.095441486,-0.078657443,-0.105545617,-0.091041377,-0.042138791,-0.158369022,0,-0.116152282,-0.043270231,-0.192669173,-0.102969105,0.012520144,-0.081157127,-0.085495758,-0.042918858,0.073432261,-0.123408453,-0.085381322,-0.167249739,0.016909717,-0.109266837,0.053140097,-0.195538584,-0.176399191,-0.045996423,-0.032500553,-0.084746991,-0.118007365,-0.069422322,-0.037589347,-0.063131772,-0.024455998,-0.105983594,-0.091844056,-0.079844429,-0.02150132,-0.086619939
10/31/22,0.109551375,0.101589542,0.027220018,0.157340116,-0.052083333,0.199423248,-0.093451327,0.058804982,0.193377483,-0.115853659,0.327556891,0.091596808,0.232069572,0.063817287,0.13035317,0.146070062,0.259135519,-0.025630106,0.129439203,0,-0.011918453,0.07316808,0.103220799,0.105831567,0.06494858,0.215505461,0.06836844,0.102971178,0.119808257,0.156071628,0.181676346,-0.313384434,0.175104505,-0.00330614,0.239721373,0.11187083,0.284923773,0.112213647,0.063756856,0.074364624,0.106493194,0.013367771,-0.142167766,0.045770708,0.099219864,0.166113144,0.001169225,0.143460965,0.097378566,0.269155881
11/30/22,-0.033024396,0.100956284,0.087325652,0.082982732,0.292540793,0.066609876,-0.05759469,0.172104994,0.050221976,-0.103448276,0.092164834,0.154379332,-0.016706297,0.075274177,-0.014392029,0.094430993,0.021138659,0.086382962,-0.081377886,0,0.068564173,0.100496404,0.071375445,-0.046573099,0.029735217,0.097712107,0.070175439,0.131595763,0.027648762,0.085989396,0.006051493,0.267711464,0.088142292,0.102217391,0.046765794,0.254130548,0.063532727,0.021643353,0.08615634,0.107596347,0.085138813,0.089985797,-0.144326272,0.12345141,-0.013311718,0.049930161,0.043082687,0.049486326,0.07089159,0.012848169
12/30/22,-0.122272512,0.002667825,0.020542852,-0.024352767,-0.165657607,-0.082960894,-0.129894344,0.023192037,-0.119700018,-0.207692308,0.013324309,-0.045578603,-0.038898216,-0.153453871,-0.172605304,-0.041834272,-0.020839016,-0.028314033,-0.112291816,0,-0.126349143,-0.025093367,-0.121050881,-0.045069801,-0.00758427,-0.029526704,0,-0.027248092,-0.014120944,-0.024326599,-0.033945526,0.018966977,0.014130707,-0.060045465,-0.034857461,-0.136441529,-0.015536553,-0.020119752,0.02214243,0.016090105,0.028280502,-0.016491285,-0.367334361,-0.084450848,-0.029115677,-0.042580645,0.010774756,-0.138894682,-0.06624006,-0.009340758
,0.024006171,0.018982324,0.013198437,0.017189036,0.025214896,0.013775685,0.02002296,0.027342037,0.010597039,0.041629674,0.014982714,0.013003067,0.01430748,0.017373773,0.016462608,0.009346188,0.011377697,0.015830779,0.009939811,0.019038383,0.013213964,0.019233666,0.006744824,0.019172145,0.009829071,0.012468596,0.008745694,0.020698079,0.019257831,0.018984253,0.012630675,-0.025939904,0.012244027,0.016993345,0.036490886,0.030902445,0.011698397,0.010256508,0.011746543,0.009292577,0.010803732,0.017925986,0.043829073,0.016039976,0.021276228,0.016836343,0.00749571,0.007631051,0.009473884,0.008798248